[{"@type":"workflow","id":"@1","name":"Mass_Portal_Enable_Users_P3_Task_Flow","maxLogs":10,"references":[{"@type":"reference","refObjectId":"@a8EJLTeQCNhiGpWddcGIKp","refType":"mtTask"},{"@type":"reference","refObjectId":"@2zuYYBhGA5te7hN1lyqgMZ","refType":"mtTask"},{"@type":"reference","refObjectId":"@4VLlaaX7QrResuge3WUBiI","refType":"mtTask"},{"@type":"reference","refObjectId":"@6GR3lYdgXGDlV6vL2OxJ0o","refType":"mtTask"},{"@type":"reference","refObjectId":"@03jAHra6VKmi4daOR56fUJ","refType":"mtTask"},{"@type":"reference","refObjectId":"@i5xpGdUNTQRdYtQr4lMhIo","refType":"mtTask"},{"@type":"reference","refObjectId":"@gfezhvwHss2g5n9uTKtFOc","refType":"mtTask"},{"@type":"reference","refObjectId":"@57gibGEqTmSglzWK2rE7MG","refType":"mtTask"},{"@type":"reference","refObjectId":"@3MS8eRa1DcKjMNd7WnrHwN","refType":"mtTask"}],"tasks":[{"@type":"workflowTask","taskId":"@a8EJLTeQCNhiGpWddcGIKp","type":"MTT","name":"1_Mass_Portal_Enable_Users_P3_Replication","stopOnError":true,"stopOnWarning":true},{"@type":"workflowTask","taskId":"@2zuYYBhGA5te7hN1lyqgMZ","type":"MTT","name":"2_Mass_Portal_Enable_Users_Report_Processor","stopOnError":false,"stopOnWarning":false},{"@type":"workflowTask","taskId":"@4VLlaaX7QrResuge3WUBiI","type":"MTT","name":"3_Mass_Portal_Enable_Users_P3_Users","stopOnError":false,"stopOnWarning":false},{"@type":"workflowTask","taskId":"@6GR3lYdgXGDlV6vL2OxJ0o","type":"MTT","name":"4_Mass_Portal_Enable_Users_P3_Replication","stopOnError":true,"stopOnWarning":true},{"@type":"workflowTask","taskId":"@03jAHra6VKmi4daOR56fUJ","type":"MTT","name":"5_Mass_Portal_Enable_Users_P3_AccountShare_Individual_Update","stopOnError":false,"stopOnWarning":false},{"@type":"workflowTask","taskId":"@i5xpGdUNTQRdYtQr4lMhIo","type":"MTT","name":"6_Mass_Portal_Enable_Users_P3_Replication","stopOnError":true,"stopOnWarning":true},{"@type":"workflowTask","taskId":"@gfezhvwHss2g5n9uTKtFOc","type":"MTT","name":"7_Mass_Portal_Enable_Users_P3_Account_Share_Business","stopOnError":false,"stopOnWarning":false},{"@type":"workflowTask","taskId":"@57gibGEqTmSglzWK2rE7MG","type":"MTT","name":"8_Mass_Portal_Enable_Users_P3_Loan_Share_Replication","stopOnError":true,"stopOnWarning":true},{"@type":"workflowTask","taskId":"@3MS8eRa1DcKjMNd7WnrHwN","type":"MTT","name":"9_Mass_Portal_Enable_Users_P3_Loan_Share","stopOnError":false,"stopOnWarning":false}]}]