[{"@type":"mtTask","id":"@1","name":"4_Mass_Portal_Enable_Users_P3_Replication","description":"","runtimeEnvironmentId":"@btlifZGEkMMefD1cojpCwZ","maxLogs":10,"verbose":false,"mappingId":"@8aYo2wRDT6bfx14QEutCi3","shortDescription":"","sessionProperties":{},"enableCrossSchemaPushdown":true,"autoTunedApplied":false,"paramFileType":"PARAM_FILE_LOCAL","parameterFileEncoding":"UTF-8","parameters":[{"@type":"mtTaskParameter","id":88898132,"name":"$AccountShare$","type":"EXTENDED_SOURCE","label":"Salesforce Connection (p_SFDC_Connection)","description":"Salesforce Environment being replicated","uiProperties":{"cnxtype":"Salesforce","connectionParameterized":"true","logcnx":"p_SFDC_Connection","isMsrcFilterParameterized":"false","isMsrcSortParameterized":"false","objectParameterized":"false","visible":"false"},"sourceConnectionId":"@f2j1mZNN7c2gcVVWRS86Kk","newFlatFile":false,"newObject":false,"showBusinessNames":true,"naturalOrder":true,"truncateTarget":false,"bulkApiDBTarget":false,"customFuncCfg":{"@type":"customFuncConfig","id":-1,"connections":[],"inputMap":[],"outputFields":[]},"tgtFieldRefs":{},"targetUpdateColumns":[],"extendedObject":{"@type":"extendedObject","object":{"@type":"mObject","name":"AccountShare","label":"AccountShare","metadataUpdated":false,"relations":[],"children":[]},"filters":[],"sortFields":[]},"runtimeAttrs":{"Flush Interval":"300","Use queryAll":"NO","SOQL Filter Condition":"","Row Limit":"0","CDC End Timestamp":"","CDC Start Timestamp":"","Enable Bulk Query":"YES","CDC Time Limit":"0","Use SystemModstamp for CDC":"NO"},"isRESTModernSource":true,"isFileList":false,"handleSpecialChars":false,"frsAsset":false,"dynamicFileName":false,"fetchMode":"ORIGINAL","tgtObjectAttributes":{},"runtimeParameterData":{"@type":"mtTaskRuntimeParameterData","isConnectionRuntimeParameter":false,"isObjectRuntimeParameter":false,"connectionParameterName":"p_SFDC_Connection"},"overriddenFields":[]},{"@type":"mtTaskParameter","id":88898133,"name":"$Entity_Involvement$","type":"EXTENDED_SOURCE","label":"Salesforce Connection (p_SFDC_Connection)","description":"Salesforce Environment being replicated","uiProperties":{"cnxtype":"Salesforce","connectionParameterized":"true","logcnx":"p_SFDC_Connection","isMsrcFilterParameterized":"false","isMsrcSortParameterized":"false","objectParameterized":"false","visible":"false"},"sourceConnectionId":"@f2j1mZNN7c2gcVVWRS86Kk","newFlatFile":false,"newObject":false,"showBusinessNames":true,"naturalOrder":true,"truncateTarget":false,"bulkApiDBTarget":false,"customFuncCfg":{"@type":"customFuncConfig","id":-1,"connections":[],"inputMap":[],"outputFields":[]},"tgtFieldRefs":{},"targetUpdateColumns":[],"extendedObject":{"@type":"extendedObject","object":{"@type":"mObject","name":"LLC_BI__Legal_Entities__c","label":"LLC_BI__Legal_Entities__c","metadataUpdated":false,"relations":[],"children":[]},"filters":[],"sortFields":[]},"runtimeAttrs":{},"isRESTModernSource":true,"isFileList":false,"handleSpecialChars":false,"frsAsset":false,"dynamicFileName":false,"fetchMode":"ORIGINAL","tgtObjectAttributes":{},"runtimeParameterData":{"@type":"mtTaskRuntimeParameterData","isConnectionRuntimeParameter":false,"isObjectRuntimeParameter":false,"connectionParameterName":"p_SFDC_Connection"},"overriddenFields":[]},{"@type":"mtTaskParameter","id":88898134,"name":"$Loan$","type":"EXTENDED_SOURCE","label":"Salesforce Connection (p_SFDC_Connection)","description":"Salesforce Environment being replicated","uiProperties":{"cnxtype":"Salesforce","connectionParameterized":"true","logcnx":"p_SFDC_Connection","isMsrcFilterParameterized":"false","isMsrcSortParameterized":"false","objectParameterized":"false","visible":"false"},"sourceConnectionId":"@f2j1mZNN7c2gcVVWRS86Kk","newFlatFile":false,"newObject":false,"showBusinessNames":true,"naturalOrder":true,"truncateTarget":false,"bulkApiDBTarget":false,"customFuncCfg":{"@type":"customFuncConfig","id":-1,"connections":[],"inputMap":[],"outputFields":[]},"tgtFieldRefs":{},"targetUpdateColumns":[],"extendedObject":{"@type":"extendedObject","object":{"@type":"mObject","name":"LLC_BI__Loan__c","label":"LLC_BI__Loan__c","metadataUpdated":false,"relations":[],"children":[]},"filters":[],"sortFields":[]},"runtimeAttrs":{},"isRESTModernSource":true,"isFileList":false,"handleSpecialChars":false,"frsAsset":false,"dynamicFileName":false,"fetchMode":"ORIGINAL","tgtObjectAttributes":{},"runtimeParameterData":{"@type":"mtTaskRuntimeParameterData","isConnectionRuntimeParameter":false,"isObjectRuntimeParameter":false,"connectionParameterName":"p_SFDC_Connection"},"overriddenFields":[]},{"@type":"mtTaskParameter","id":88898135,"name":"$LoanShare$","type":"EXTENDED_SOURCE","label":"Salesforce Connection (p_SFDC_Connection)","description":"Salesforce Environment being replicated","uiProperties":{"cnxtype":"Salesforce","connectionParameterized":"true","logcnx":"p_SFDC_Connection","isMsrcFilterParameterized":"false","isMsrcSortParameterized":"false","objectParameterized":"false","visible":"false"},"sourceConnectionId":"@f2j1mZNN7c2gcVVWRS86Kk","newFlatFile":false,"newObject":false,"showBusinessNames":true,"naturalOrder":true,"truncateTarget":false,"bulkApiDBTarget":false,"customFuncCfg":{"@type":"customFuncConfig","id":-1,"connections":[],"inputMap":[],"outputFields":[]},"tgtFieldRefs":{},"targetUpdateColumns":[],"extendedObject":{"@type":"extendedObject","object":{"@type":"mObject","name":"LLC_BI__Loan__Share","label":"Share: Loan","metadataUpdated":false,"relations":[],"children":[]},"filters":[],"sortFields":[]},"runtimeAttrs":{},"isRESTModernSource":true,"isFileList":false,"handleSpecialChars":false,"frsAsset":false,"dynamicFileName":false,"fetchMode":"ORIGINAL","tgtObjectAttributes":{},"runtimeParameterData":{"@type":"mtTaskRuntimeParameterData","isConnectionRuntimeParameter":false,"isObjectRuntimeParameter":false,"connectionParameterName":"p_SFDC_Connection"},"overriddenFields":[]},{"@type":"mtTaskParameter","id":88898136,"name":"$User$","type":"EXTENDED_SOURCE","label":"Salesforce Connection (p_SFDC_Connection)","description":"Salesforce Environment being replicated","uiProperties":{"cnxtype":"Salesforce","connectionParameterized":"true","logcnx":"p_SFDC_Connection","isMsrcFilterParameterized":"false","isMsrcSortParameterized":"false","objectParameterized":"false","visible":"false"},"sourceConnectionId":"@f2j1mZNN7c2gcVVWRS86Kk","newFlatFile":false,"newObject":false,"showBusinessNames":true,"naturalOrder":true,"truncateTarget":false,"bulkApiDBTarget":false,"customFuncCfg":{"@type":"customFuncConfig","id":-1,"connections":[],"inputMap":[],"outputFields":[]},"tgtFieldRefs":{},"targetUpdateColumns":[],"extendedObject":{"@type":"extendedObject","object":{"@type":"mObject","name":"User","label":"User","metadataUpdated":false,"relations":[],"children":[]},"filters":[],"sortFields":[]},"runtimeAttrs":{},"isRESTModernSource":true,"isFileList":false,"handleSpecialChars":false,"frsAsset":false,"dynamicFileName":false,"fetchMode":"ORIGINAL","tgtObjectAttributes":{},"runtimeParameterData":{"@type":"mtTaskRuntimeParameterData","isConnectionRuntimeParameter":false,"isObjectRuntimeParameter":false,"connectionParameterName":"p_SFDC_Connection"},"overriddenFields":[]},{"@type":"mtTaskParameter","id":88898137,"name":"$FF_AccountShare$","type":"TARGET","label":"p_FF_Connection (p_FF_Connection)","description":"Place where the Replication File is generated","uiProperties":{"cnxtype":"Flat File","connectionParameterized":"true","logcnx":"p_FF_Connection","default":"PortalEnable_AccountShare","objectParameterized":"false","visible":"false","defaultTargetUpdateColumns":""},"targetConnectionId":"@87bwnVCnh6pbExr59SWHUN","targetObject":"PortalEnable_AccountShare","targetObjectLabel":"PortalEnable_AccountShare","newFlatFile":false,"newObject":false,"showBusinessNames":true,"naturalOrder":true,"truncateTarget":false,"bulkApiDBTarget":false,"operationType":"Insert","customFuncCfg":{"@type":"customFuncConfig","id":-1,"connections":[],"inputMap":[],"outputFields":[]},"tgtFieldRefs":{},"targetUpdateColumns":[],"extendedObject":{"@type":"extendedObject","filters":[],"sortFields":[]},"runtimeAttrs":{},"isRESTModernSource":true,"isFileList":false,"handleSpecialChars":false,"frsAsset":false,"dynamicFileName":false,"fetchMode":"ORIGINAL","tgtObjectAttributes":{},"runtimeParameterData":{"@type":"mtTaskRuntimeParameterData","isConnectionRuntimeParameter":false,"isObjectRuntimeParameter":false,"connectionParameterName":"p_FF_Connection"},"overriddenFields":[]},{"@type":"mtTaskParameter","id":88898138,"name":"$FF_Entity_Involvement$","type":"TARGET","label":"p_FF_Connection (p_FF_Connection)","description":"Place where the Replication File is generated","uiProperties":{"cnxtype":"Flat File","connectionParameterized":"true","logcnx":"p_FF_Connection","default":"PortalEnable_Entity_Involvement","objectParameterized":"false","visible":"false","defaultTargetUpdateColumns":""},"targetConnectionId":"@87bwnVCnh6pbExr59SWHUN","targetObject":"PortalEnable_Entity_Involvement","targetObjectLabel":"PortalEnable_Entity_Involvement","newFlatFile":false,"newObject":false,"showBusinessNames":true,"naturalOrder":true,"truncateTarget":false,"bulkApiDBTarget":false,"operationType":"Insert","customFuncCfg":{"@type":"customFuncConfig","id":-1,"connections":[],"inputMap":[],"outputFields":[]},"tgtFieldRefs":{},"targetUpdateColumns":[],"extendedObject":{"@type":"extendedObject","filters":[],"sortFields":[]},"runtimeAttrs":{},"isRESTModernSource":true,"isFileList":false,"handleSpecialChars":false,"frsAsset":false,"dynamicFileName":false,"fetchMode":"ORIGINAL","tgtObjectAttributes":{},"runtimeParameterData":{"@type":"mtTaskRuntimeParameterData","isConnectionRuntimeParameter":false,"isObjectRuntimeParameter":false,"connectionParameterName":"p_FF_Connection"},"overriddenFields":[]},{"@type":"mtTaskParameter","id":88898139,"name":"$FF_Loan$","type":"TARGET","label":"p_FF_Connection (p_FF_Connection)","description":"Place where the Replication File is generated","uiProperties":{"cnxtype":"Flat File","connectionParameterized":"true","logcnx":"p_FF_Connection","default":"PortalEnable_Loan","objectParameterized":"false","visible":"false","defaultTargetUpdateColumns":""},"targetConnectionId":"@87bwnVCnh6pbExr59SWHUN","targetObject":"PortalEnable_Loan","targetObjectLabel":"PortalEnable_Loan","newFlatFile":false,"newObject":false,"showBusinessNames":true,"naturalOrder":true,"truncateTarget":false,"bulkApiDBTarget":false,"operationType":"Insert","customFuncCfg":{"@type":"customFuncConfig","id":-1,"connections":[],"inputMap":[],"outputFields":[]},"tgtFieldRefs":{},"targetUpdateColumns":[],"extendedObject":{"@type":"extendedObject","filters":[],"sortFields":[]},"runtimeAttrs":{},"isRESTModernSource":true,"isFileList":false,"handleSpecialChars":false,"frsAsset":false,"dynamicFileName":false,"fetchMode":"ORIGINAL","tgtObjectAttributes":{},"runtimeParameterData":{"@type":"mtTaskRuntimeParameterData","isConnectionRuntimeParameter":false,"isObjectRuntimeParameter":false,"connectionParameterName":"p_FF_Connection"},"overriddenFields":[]},{"@type":"mtTaskParameter","id":88898140,"name":"$FF_Loan_Share$","type":"TARGET","label":"p_FF_Connection (p_FF_Connection)","description":"Place where the Replication File is generated","uiProperties":{"cnxtype":"Flat File","connectionParameterized":"true","logcnx":"p_FF_Connection","default":"PortalEnable_Loan_Share","objectParameterized":"false","visible":"false","defaultTargetUpdateColumns":""},"targetConnectionId":"@87bwnVCnh6pbExr59SWHUN","targetObject":"PortalEnable_Loan_Share","targetObjectLabel":"PortalEnable_Loan_Share","newFlatFile":false,"newObject":false,"showBusinessNames":true,"naturalOrder":true,"truncateTarget":false,"bulkApiDBTarget":false,"operationType":"Insert","customFuncCfg":{"@type":"customFuncConfig","id":-1,"connections":[],"inputMap":[],"outputFields":[]},"tgtFieldRefs":{},"targetUpdateColumns":[],"extendedObject":{"@type":"extendedObject","filters":[],"sortFields":[]},"runtimeAttrs":{},"isRESTModernSource":true,"isFileList":false,"handleSpecialChars":false,"frsAsset":false,"dynamicFileName":false,"fetchMode":"ORIGINAL","tgtObjectAttributes":{},"runtimeParameterData":{"@type":"mtTaskRuntimeParameterData","isConnectionRuntimeParameter":false,"isObjectRuntimeParameter":false,"connectionParameterName":"p_FF_Connection"},"overriddenFields":[]},{"@type":"mtTaskParameter","id":88898141,"name":"$FF_User$","type":"TARGET","label":"p_FF_Connection (p_FF_Connection)","description":"Place where the Replication File is generated","uiProperties":{"cnxtype":"Flat File","connectionParameterized":"true","logcnx":"p_FF_Connection","default":"PortalEnable_User","objectParameterized":"false","visible":"false","defaultTargetUpdateColumns":""},"targetConnectionId":"@87bwnVCnh6pbExr59SWHUN","targetObject":"PortalEnable_User","targetObjectLabel":"PortalEnable_User","newFlatFile":false,"newObject":false,"showBusinessNames":true,"naturalOrder":true,"truncateTarget":false,"bulkApiDBTarget":false,"operationType":"Insert","customFuncCfg":{"@type":"customFuncConfig","id":-1,"connections":[],"inputMap":[],"outputFields":[]},"tgtFieldRefs":{},"targetUpdateColumns":[],"extendedObject":{"@type":"extendedObject","filters":[],"sortFields":[]},"runtimeAttrs":{},"isRESTModernSource":true,"isFileList":false,"handleSpecialChars":false,"frsAsset":false,"dynamicFileName":false,"fetchMode":"ORIGINAL","tgtObjectAttributes":{},"runtimeParameterData":{"@type":"mtTaskRuntimeParameterData","isConnectionRuntimeParameter":false,"isObjectRuntimeParameter":false,"connectionParameterName":"p_FF_Connection"},"overriddenFields":[]}],"sequences":[],"inOutParameters":[],"connRuntimeAttrs":[]}]