[{"@type":"mtTask","id":"@1","name":"5_Mass_Portal_Enable_Users_P3_AccountShare_Individual_Update","description":"After the user record gets created, an accountshare record does get created by Salesforce that ties the user to the associated Contact’s associated Account (which will be the individual Account).  However, the AccountLevelAccess on that share record is too restricted to have all the needed portal functionality.This task finds that existing share record, and updates the “AccountLevelAccess” field to ‘Edit instead of ‘Read’, leaving CaseLevelAccess and OpportunityLevelAccess still at None’, as they are not needed for Customer Portal.","runtimeEnvironmentId":"@btlifZGEkMMefD1cojpCwZ","maxLogs":10,"verbose":false,"mappingId":"@97Lyn3I7IIZgXcCAaRxVe8","shortDescription":"After the user record gets created, an accountshar...","sessionProperties":{},"enableCrossSchemaPushdown":true,"autoTunedApplied":false,"paramFileType":"PARAM_FILE_LOCAL","parameterFileEncoding":"UTF-8","parameters":[{"@type":"mtTaskParameter","id":88898070,"name":"$PortalEnable_AccountShare$","type":"EXTENDED_SOURCE","label":"p_FF_connection (p_FF_connection)","description":"Flat file where UID list and replication files are located","uiProperties":{"cnxtype":"Flat File","connectionParameterized":"true","logcnx":"p_FF_connection","isMsrcFilterParameterized":"false","isMsrcSortParameterized":"false","objectParameterized":"false","visible":"false"},"sourceConnectionId":"@87bwnVCnh6pbExr59SWHUN","newFlatFile":false,"newObject":false,"showBusinessNames":true,"naturalOrder":true,"truncateTarget":false,"bulkApiDBTarget":false,"customFuncCfg":{"@type":"customFuncConfig","id":-1,"connections":[],"inputMap":[],"outputFields":[]},"tgtFieldRefs":{},"targetUpdateColumns":[],"extendedObject":{"@type":"extendedObject","object":{"@type":"mObject","name":"PortalEnable_AccountShare","label":"PortalEnable_AccountShare","metadataUpdated":false,"relations":[],"children":[]},"filters":[],"sortFields":[]},"runtimeAttrs":{},"isRESTModernSource":true,"isFileList":false,"handleSpecialChars":false,"frsAsset":false,"dynamicFileName":false,"fetchMode":"ORIGINAL","tgtObjectAttributes":{},"runtimeParameterData":{"@type":"mtTaskRuntimeParameterData","isConnectionRuntimeParameter":false,"isObjectRuntimeParameter":false,"connectionParameterName":"p_FF_connection"},"overriddenFields":[]},{"@type":"mtTaskParameter","id":88898071,"name":"$PortalEnable_Records$","type":"EXTENDED_SOURCE","label":"p_FF_connection (p_FF_connection)","description":"Flat file where UID list and replication files are located","uiProperties":{"cnxtype":"Flat File","connectionParameterized":"true","logcnx":"p_FF_connection","isMsrcFilterParameterized":"false","isMsrcSortParameterized":"false","objectParameterized":"false","visible":"false"},"sourceConnectionId":"@87bwnVCnh6pbExr59SWHUN","newFlatFile":false,"newObject":false,"showBusinessNames":true,"naturalOrder":true,"truncateTarget":false,"bulkApiDBTarget":false,"customFuncCfg":{"@type":"customFuncConfig","id":-1,"connections":[],"inputMap":[],"outputFields":[]},"tgtFieldRefs":{},"targetUpdateColumns":[],"extendedObject":{"@type":"extendedObject","object":{"@type":"mObject","name":"PortalEnable_Records.csv","label":"PortalEnable_Records.csv","metadataUpdated":false,"relations":[],"children":[]},"filters":[],"sortFields":[]},"runtimeAttrs":{},"isRESTModernSource":true,"isFileList":false,"handleSpecialChars":false,"frsAsset":false,"dynamicFileName":false,"fetchMode":"ORIGINAL","tgtObjectAttributes":{},"runtimeParameterData":{"@type":"mtTaskRuntimeParameterData","isConnectionRuntimeParameter":false,"isObjectRuntimeParameter":false,"connectionParameterName":"p_FF_connection"},"overriddenFields":[]},{"@type":"mtTaskParameter","id":88898072,"name":"$PortalEnable_User$","type":"EXTENDED_SOURCE","label":"p_FF_connection (p_FF_connection)","description":"Flat file where UID list and replication files are located","uiProperties":{"cnxtype":"Flat File","connectionParameterized":"true","logcnx":"p_FF_connection","isMsrcFilterParameterized":"false","isMsrcSortParameterized":"false","objectParameterized":"false","visible":"false"},"sourceConnectionId":"@87bwnVCnh6pbExr59SWHUN","newFlatFile":false,"newObject":false,"showBusinessNames":true,"naturalOrder":true,"truncateTarget":false,"bulkApiDBTarget":false,"customFuncCfg":{"@type":"customFuncConfig","id":-1,"connections":[],"inputMap":[],"outputFields":[]},"tgtFieldRefs":{},"targetUpdateColumns":[],"extendedObject":{"@type":"extendedObject","object":{"@type":"mObject","name":"PortalEnable_User","label":"PortalEnable_User","metadataUpdated":false,"relations":[],"children":[]},"filters":[],"sortFields":[]},"runtimeAttrs":{},"isRESTModernSource":true,"isFileList":false,"handleSpecialChars":false,"frsAsset":false,"dynamicFileName":false,"fetchMode":"ORIGINAL","tgtObjectAttributes":{},"runtimeParameterData":{"@type":"mtTaskRuntimeParameterData","isConnectionRuntimeParameter":false,"isObjectRuntimeParameter":false,"connectionParameterName":"p_FF_connection"},"overriddenFields":[]},{"@type":"mtTaskParameter","id":88898073,"name":"$FF_Exception$","type":"TARGET","label":"p_FF_connection (p_FF_connection)","description":"Flat file where UID list and replication files are located","uiProperties":{"cnxtype":"Flat File","connectionParameterized":"true","logcnx":"p_FF_connection","default":"PortalEnable_AccountShare_Individual_Exceptions","objectParameterized":"false","visible":"false","defaultTargetUpdateColumns":""},"targetConnectionId":"@87bwnVCnh6pbExr59SWHUN","targetObject":"PortalEnable_AccountShare_Individual_Exceptions","targetObjectLabel":"PortalEnable_AccountShare_Individual_Exceptions","newFlatFile":false,"newObject":false,"showBusinessNames":true,"naturalOrder":true,"truncateTarget":false,"bulkApiDBTarget":false,"operationType":"Insert","customFuncCfg":{"@type":"customFuncConfig","id":-1,"connections":[],"inputMap":[],"outputFields":[]},"tgtFieldRefs":{},"targetUpdateColumns":[],"extendedObject":{"@type":"extendedObject","filters":[],"sortFields":[]},"runtimeAttrs":{},"isRESTModernSource":true,"isFileList":false,"handleSpecialChars":false,"frsAsset":false,"dynamicFileName":false,"fetchMode":"ORIGINAL","tgtObjectAttributes":{},"runtimeParameterData":{"@type":"mtTaskRuntimeParameterData","isConnectionRuntimeParameter":false,"isObjectRuntimeParameter":false,"connectionParameterName":"p_FF_connection"},"overriddenFields":[]},{"@type":"mtTaskParameter","id":88898074,"name":"$SFDC_Target$","type":"TARGET","label":"p_Salesforce_Connection (p_Salesforce_Connection)","description":"What Salesforce Environment AccountShares are created","uiProperties":{"cnxtype":"Salesforce","connectionParameterized":"true","logcnx":"p_Salesforce_Connection","default":"AccountShare","objectParameterized":"false","visible":"false","defaultTargetUpdateColumns":"","fieldMappingParameterized":"true"},"targetConnectionId":"@f2j1mZNN7c2gcVVWRS86Kk","targetObject":"AccountShare","targetObjectLabel":"AccountShare","newFlatFile":false,"newObject":false,"showBusinessNames":true,"naturalOrder":true,"truncateTarget":false,"bulkApiDBTarget":false,"operationType":"Insert","customFuncCfg":{"@type":"customFuncConfig","id":-1,"connections":[],"inputMap":[],"outputFields":[]},"tgtFieldRefs":{},"targetUpdateColumns":[],"extendedObject":{"@type":"extendedObject","filters":[],"sortFields":[]},"runtimeAttrs":{"Use SFDC Bulk API":"YES"},"isRESTModernSource":true,"isFileList":false,"handleSpecialChars":false,"frsAsset":false,"dynamicFileName":false,"fetchMode":"ORIGINAL","tgtObjectAttributes":{},"runtimeParameterData":{"@type":"mtTaskRuntimeParameterData","isConnectionRuntimeParameter":false,"isObjectRuntimeParameter":false,"connectionParameterName":"p_Salesforce_Connection"},"overriddenFields":[]},{"@type":"mtTaskParameter","id":88898075,"name":"$p_Exception_Definition$","type":"STRING","text":"DECODE(TRUE,\nc_AccountId = '' OR ISNULL(c_AccountId), 'Missing Contact Record',\nUser_Id = '' OR ISNULL(User_Id ), 'Missing User Record',\nISNULL(AccountShare_Id), 'Could not find existing AccountShare ID')","label":"p_Exception_Definition (p_Exception_Definition)","description":"","uiProperties":{"paramtype":"Expression","aggregate":"false","varFuncExpr":"true","udf":"true"},"newFlatFile":false,"newObject":false,"showBusinessNames":true,"naturalOrder":true,"truncateTarget":false,"bulkApiDBTarget":false,"customFuncCfg":{"@type":"customFuncConfig","id":-1,"connections":[],"inputMap":[],"outputFields":[]},"tgtFieldRefs":{},"targetUpdateColumns":[],"runtimeAttrs":{},"isRESTModernSource":true,"isFileList":false,"handleSpecialChars":false,"frsAsset":false,"dynamicFileName":false,"fetchMode":"ORIGINAL","tgtObjectAttributes":{},"runtimeParameterData":{"@type":"mtTaskRuntimeParameterData","isConnectionRuntimeParameter":false,"isObjectRuntimeParameter":false},"overriddenFields":[]},{"@type":"mtTaskParameter","id":88898076,"name":"$p_Existing_Account_Share_Join$","type":"STRING","text":"c_AccountId = AccountShare_AccountId AND User_Id = AccountShare_UserOrGroupId","label":"p_Existing_Account_Share_Join (p_Existing_Account_Share_Join)","description":"","uiProperties":{"paramtype":"Expression"},"newFlatFile":false,"newObject":false,"showBusinessNames":true,"naturalOrder":true,"truncateTarget":false,"bulkApiDBTarget":false,"customFuncCfg":{"@type":"customFuncConfig","id":-1,"connections":[],"inputMap":[],"outputFields":[]},"tgtFieldRefs":{},"targetUpdateColumns":[],"runtimeAttrs":{},"isRESTModernSource":true,"isFileList":false,"handleSpecialChars":false,"frsAsset":false,"dynamicFileName":false,"fetchMode":"ORIGINAL","tgtObjectAttributes":{},"runtimeParameterData":{"@type":"mtTaskRuntimeParameterData","isConnectionRuntimeParameter":false,"isObjectRuntimeParameter":false},"overriddenFields":[]},{"@type":"mtTaskParameter","id":88898077,"name":"$p_Field_Mapping$","type":"STRING","text":"string (18, 0) Id=AccountShare_Id;string (18, 0) AccountId=c_AccountId;string (18, 0) UserOrGroupId=User_Id;string (40, 0) AccountAccessLevel='Edit';string (40, 0) OpportunityAccessLevel='None';string (40, 0) CaseAccessLevel='None';","label":"p_Field_Mapping (p_Field_Mapping)","description":"","uiProperties":{"paramtype":"Fieldmap","supressFieldmappingSuffix":"true","lefttitle":"Incoming Fields","righttitle":"Target Fields"},"newFlatFile":false,"newObject":false,"showBusinessNames":true,"naturalOrder":true,"truncateTarget":false,"bulkApiDBTarget":false,"customFuncCfg":{"@type":"customFuncConfig","id":-1,"connections":[],"inputMap":[],"outputFields":[]},"tgtFieldRefs":{},"targetUpdateColumns":[],"runtimeAttrs":{},"isRESTModernSource":true,"isFileList":false,"handleSpecialChars":false,"frsAsset":false,"dynamicFileName":false,"fetchMode":"ORIGINAL","tgtObjectAttributes":{},"runtimeParameterData":{"@type":"mtTaskRuntimeParameterData","isConnectionRuntimeParameter":false,"isObjectRuntimeParameter":false},"overriddenFields":[]},{"@type":"mtTaskParameter","id":88898078,"name":"$p_UID_Filter$","type":"STRING","text":"TRUE","label":"p_UID_Filter (p_UID_Filter)","description":"Filter for the original list of SSN\\'s, CIF\\'s, or UID\\'s of new portal users. Default set to \\'TRUE\\'","uiProperties":{"paramtype":"Condition"},"newFlatFile":false,"newObject":false,"showBusinessNames":true,"naturalOrder":true,"truncateTarget":false,"bulkApiDBTarget":false,"customFuncCfg":{"@type":"customFuncConfig","id":-1,"connections":[],"inputMap":[],"outputFields":[]},"tgtFieldRefs":{},"targetUpdateColumns":[],"runtimeAttrs":{},"isRESTModernSource":true,"isFileList":false,"handleSpecialChars":false,"frsAsset":false,"dynamicFileName":false,"fetchMode":"ORIGINAL","tgtObjectAttributes":{},"runtimeParameterData":{"@type":"mtTaskRuntimeParameterData","isConnectionRuntimeParameter":false,"isObjectRuntimeParameter":false},"overriddenFields":[]},{"@type":"mtTaskParameter","id":88898079,"name":"$p_User_Contact_Join$","type":"STRING","text":"c_Id = User_ContactId","label":"p_User_Contact_Join (p_User_Contact_Join)","description":"Join Condition for User and Contact","uiProperties":{"paramtype":"Expression"},"newFlatFile":false,"newObject":false,"showBusinessNames":true,"naturalOrder":true,"truncateTarget":false,"bulkApiDBTarget":false,"customFuncCfg":{"@type":"customFuncConfig","id":-1,"connections":[],"inputMap":[],"outputFields":[]},"tgtFieldRefs":{},"targetUpdateColumns":[],"runtimeAttrs":{},"isRESTModernSource":true,"isFileList":false,"handleSpecialChars":false,"frsAsset":false,"dynamicFileName":false,"fetchMode":"ORIGINAL","tgtObjectAttributes":{},"runtimeParameterData":{"@type":"mtTaskRuntimeParameterData","isConnectionRuntimeParameter":false,"isObjectRuntimeParameter":false},"overriddenFields":[]}],"sequences":[],"inOutParameters":[],"connRuntimeAttrs":[]}]