[{"@type":"mtTask","id":"@1","name":"9_Mass_Portal_Enable_Users_P3_Loan_Share","description":"This task identifies specific loans that a customer wants to enable, and creates a LLC_BI__Loan__share record that ties it to the Customer Portal user.  This allows the user to upload and access portal-enabled documents on that LoanDocMan.\r\nIt also looks for existing Loan Share records to make sure that duplicates do not get inserted.","runtimeEnvironmentId":"@btlifZGEkMMefD1cojpCwZ","postProcessingCmd":"ren c:\\data\\etran\\mass_enable.csv mass_enable_%date:~4,2%%date:~7,2%%date:~10,4%_.csv","maxLogs":10,"verbose":false,"mappingId":"@0Kns88BMvqviz8DDO5nEM7","shortDescription":"This task identifies specific loans that a custome...","sessionProperties":{},"enableCrossSchemaPushdown":true,"autoTunedApplied":false,"paramFileType":"PARAM_FILE_LOCAL","parameterFileEncoding":"UTF-8","parameters":[{"@type":"mtTaskParameter","id":88898054,"name":"$EI_Replication_File$","type":"EXTENDED_SOURCE","label":"p_FF_connection (p_FF_connection)","description":"","uiProperties":{"cnxtype":"Flat File","connectionParameterized":"true","logcnx":"p_FF_connection","isMsrcFilterParameterized":"false","isMsrcSortParameterized":"false","objectParameterized":"false","visible":"false"},"sourceConnectionId":"@87bwnVCnh6pbExr59SWHUN","newFlatFile":false,"newObject":false,"showBusinessNames":true,"naturalOrder":true,"truncateTarget":false,"bulkApiDBTarget":false,"customFuncCfg":{"@type":"customFuncConfig","id":-1,"connections":[],"inputMap":[],"outputFields":[]},"tgtFieldRefs":{},"targetUpdateColumns":[],"extendedObject":{"@type":"extendedObject","object":{"@type":"mObject","name":"PortalEnable_Entity_Involvement","label":"PortalEnable_Entity_Involvement","metadataUpdated":false,"relations":[],"children":[]},"filters":[],"sortFields":[]},"runtimeAttrs":{},"isRESTModernSource":true,"isFileList":false,"handleSpecialChars":false,"frsAsset":false,"dynamicFileName":false,"fetchMode":"ORIGINAL","tgtObjectAttributes":{},"runtimeParameterData":{"@type":"mtTaskRuntimeParameterData","isConnectionRuntimeParameter":false,"isObjectRuntimeParameter":false,"connectionParameterName":"p_FF_connection"},"overriddenFields":[]},{"@type":"mtTaskParameter","id":88898055,"name":"$List_of_ContactSSNs$","type":"EXTENDED_SOURCE","label":"p_FF_connection (p_FF_connection)","description":"","uiProperties":{"cnxtype":"Flat File","connectionParameterized":"true","logcnx":"p_FF_connection","isMsrcFilterParameterized":"false","isMsrcSortParameterized":"false","objectParameterized":"false","visible":"false"},"sourceConnectionId":"@87bwnVCnh6pbExr59SWHUN","newFlatFile":false,"newObject":false,"showBusinessNames":true,"naturalOrder":true,"truncateTarget":false,"bulkApiDBTarget":false,"customFuncCfg":{"@type":"customFuncConfig","id":-1,"connections":[],"inputMap":[],"outputFields":[]},"tgtFieldRefs":{},"targetUpdateColumns":[],"extendedObject":{"@type":"extendedObject","object":{"@type":"mObject","name":"PortalEnable_Records.csv","label":"PortalEnable_Records.csv","metadataUpdated":false,"relations":[],"children":[]},"filters":[],"sortFields":[]},"runtimeAttrs":{},"isRESTModernSource":true,"isFileList":false,"handleSpecialChars":false,"frsAsset":false,"dynamicFileName":false,"fetchMode":"ORIGINAL","tgtObjectAttributes":{},"runtimeParameterData":{"@type":"mtTaskRuntimeParameterData","isConnectionRuntimeParameter":false,"isObjectRuntimeParameter":false,"connectionParameterName":"p_FF_connection"},"overriddenFields":[]},{"@type":"mtTaskParameter","id":88898056,"name":"$ListofLoanUIDs$","type":"EXTENDED_SOURCE","label":"p_FF_connection (p_FF_connection)","description":"","uiProperties":{"cnxtype":"Flat File","connectionParameterized":"true","logcnx":"p_FF_connection","isMsrcFilterParameterized":"false","isMsrcSortParameterized":"false","objectParameterized":"false","visible":"false"},"sourceConnectionId":"@87bwnVCnh6pbExr59SWHUN","newFlatFile":false,"newObject":false,"showBusinessNames":true,"naturalOrder":true,"truncateTarget":false,"bulkApiDBTarget":false,"customFuncCfg":{"@type":"customFuncConfig","id":-1,"connections":[],"inputMap":[],"outputFields":[]},"tgtFieldRefs":{},"targetUpdateColumns":[],"extendedObject":{"@type":"extendedObject","object":{"@type":"mObject","name":"PortalEnable_Records.csv","label":"PortalEnable_Records.csv","metadataUpdated":false,"relations":[],"children":[]},"filters":[],"sortFields":[]},"runtimeAttrs":{},"isRESTModernSource":true,"isFileList":false,"handleSpecialChars":false,"frsAsset":false,"dynamicFileName":false,"fetchMode":"ORIGINAL","tgtObjectAttributes":{},"runtimeParameterData":{"@type":"mtTaskRuntimeParameterData","isConnectionRuntimeParameter":false,"isObjectRuntimeParameter":false,"connectionParameterName":"p_FF_connection"},"overriddenFields":[]},{"@type":"mtTaskParameter","id":88898057,"name":"$Loan_Replication_File$","type":"EXTENDED_SOURCE","label":"p_FF_connection (p_FF_connection)","description":"","uiProperties":{"cnxtype":"Flat File","connectionParameterized":"true","logcnx":"p_FF_connection","isMsrcFilterParameterized":"false","isMsrcSortParameterized":"false","objectParameterized":"false","visible":"false"},"sourceConnectionId":"@87bwnVCnh6pbExr59SWHUN","newFlatFile":false,"newObject":false,"showBusinessNames":true,"naturalOrder":true,"truncateTarget":false,"bulkApiDBTarget":false,"customFuncCfg":{"@type":"customFuncConfig","id":-1,"connections":[],"inputMap":[],"outputFields":[]},"tgtFieldRefs":{},"targetUpdateColumns":[],"extendedObject":{"@type":"extendedObject","object":{"@type":"mObject","name":"PortalEnable_Loan","label":"PortalEnable_Loan","metadataUpdated":false,"relations":[],"children":[]},"filters":[],"sortFields":[]},"runtimeAttrs":{},"isRESTModernSource":true,"isFileList":false,"handleSpecialChars":false,"frsAsset":false,"dynamicFileName":false,"fetchMode":"ORIGINAL","tgtObjectAttributes":{},"runtimeParameterData":{"@type":"mtTaskRuntimeParameterData","isConnectionRuntimeParameter":false,"isObjectRuntimeParameter":false,"connectionParameterName":"p_FF_connection"},"overriddenFields":[]},{"@type":"mtTaskParameter","id":88898058,"name":"$Share_Record_Replication$","type":"EXTENDED_SOURCE","label":"p_FF_connection (p_FF_connection)","description":"","uiProperties":{"cnxtype":"Flat File","connectionParameterized":"true","logcnx":"p_FF_connection","isMsrcFilterParameterized":"false","isMsrcSortParameterized":"false","objectParameterized":"false","visible":"false"},"sourceConnectionId":"@87bwnVCnh6pbExr59SWHUN","newFlatFile":false,"newObject":false,"showBusinessNames":true,"naturalOrder":true,"truncateTarget":false,"bulkApiDBTarget":false,"customFuncCfg":{"@type":"customFuncConfig","id":-1,"connections":[],"inputMap":[],"outputFields":[]},"tgtFieldRefs":{},"targetUpdateColumns":[],"extendedObject":{"@type":"extendedObject","object":{"@type":"mObject","name":"PortalEnable_Loan_Share","label":"PortalEnable_Loan_Share","metadataUpdated":false,"relations":[],"children":[]},"filters":[],"sortFields":[]},"runtimeAttrs":{},"isRESTModernSource":true,"isFileList":false,"handleSpecialChars":false,"frsAsset":false,"dynamicFileName":false,"fetchMode":"ORIGINAL","tgtObjectAttributes":{},"runtimeParameterData":{"@type":"mtTaskRuntimeParameterData","isConnectionRuntimeParameter":false,"isObjectRuntimeParameter":false,"connectionParameterName":"p_FF_connection"},"overriddenFields":[]},{"@type":"mtTaskParameter","id":88898059,"name":"$User_Replication_File$","type":"EXTENDED_SOURCE","label":"p_FF_connection (p_FF_connection)","description":"","uiProperties":{"cnxtype":"Flat File","connectionParameterized":"true","logcnx":"p_FF_connection","isMsrcFilterParameterized":"false","isMsrcSortParameterized":"false","objectParameterized":"false","visible":"false"},"sourceConnectionId":"@87bwnVCnh6pbExr59SWHUN","newFlatFile":false,"newObject":false,"showBusinessNames":true,"naturalOrder":true,"truncateTarget":false,"bulkApiDBTarget":false,"customFuncCfg":{"@type":"customFuncConfig","id":-1,"connections":[],"inputMap":[],"outputFields":[]},"tgtFieldRefs":{},"targetUpdateColumns":[],"extendedObject":{"@type":"extendedObject","object":{"@type":"mObject","name":"PortalEnable_User","label":"PortalEnable_User","metadataUpdated":false,"relations":[],"children":[]},"filters":[],"sortFields":[]},"runtimeAttrs":{},"isRESTModernSource":true,"isFileList":false,"handleSpecialChars":false,"frsAsset":false,"dynamicFileName":false,"fetchMode":"ORIGINAL","tgtObjectAttributes":{},"runtimeParameterData":{"@type":"mtTaskRuntimeParameterData","isConnectionRuntimeParameter":false,"isObjectRuntimeParameter":false,"connectionParameterName":"p_FF_connection"},"overriddenFields":[]},{"@type":"mtTaskParameter","id":88898060,"name":"$FF_Exception$","type":"TARGET","label":"p_FF_connection (p_FF_connection)","description":"","uiProperties":{"cnxtype":"Flat File","connectionParameterized":"true","logcnx":"p_FF_connection","default":"PortalEnable_AccountShare_Business_Exceptions","objectParameterized":"false","visible":"false","defaultTargetUpdateColumns":""},"targetConnectionId":"@87bwnVCnh6pbExr59SWHUN","targetObject":"PortalEnable_AccountShare_Business_Exceptions","targetObjectLabel":"PortalEnable_AccountShare_Business_Exceptions","newFlatFile":false,"newObject":false,"showBusinessNames":true,"naturalOrder":true,"truncateTarget":false,"bulkApiDBTarget":false,"operationType":"Insert","customFuncCfg":{"@type":"customFuncConfig","id":-1,"connections":[],"inputMap":[],"outputFields":[]},"tgtFieldRefs":{},"targetUpdateColumns":[],"extendedObject":{"@type":"extendedObject","filters":[],"sortFields":[]},"runtimeAttrs":{},"isRESTModernSource":true,"isFileList":false,"handleSpecialChars":false,"frsAsset":false,"dynamicFileName":false,"fetchMode":"ORIGINAL","tgtObjectAttributes":{},"runtimeParameterData":{"@type":"mtTaskRuntimeParameterData","isConnectionRuntimeParameter":false,"isObjectRuntimeParameter":false,"connectionParameterName":"p_FF_connection"},"overriddenFields":[]},{"@type":"mtTaskParameter","id":88898061,"name":"$SFDC_Target$","type":"TARGET","label":"p_Salesforce_Connection (p_Salesforce_Connection)","description":"What Salesforce Environment AccountShares are created","uiProperties":{"cnxtype":"Salesforce","connectionParameterized":"true","logcnx":"p_Salesforce_Connection","default":"LLC_BI__Loan__Share","objectParameterized":"false","visible":"false","defaultTargetUpdateColumns":"","fieldMappingParameterized":"true"},"targetConnectionId":"@f2j1mZNN7c2gcVVWRS86Kk","targetObject":"LLC_BI__Loan__Share","targetObjectLabel":"LLC_BI__Loan__Share","newFlatFile":false,"newObject":false,"showBusinessNames":true,"naturalOrder":true,"truncateTarget":false,"bulkApiDBTarget":false,"operationType":"Insert","customFuncCfg":{"@type":"customFuncConfig","id":-1,"connections":[],"inputMap":[],"outputFields":[]},"tgtFieldRefs":{},"targetUpdateColumns":[],"extendedObject":{"@type":"extendedObject","filters":[],"sortFields":[]},"runtimeAttrs":{"Use Idlookup field for upserts":"NO","Treat insert as upsert":"NO","Max batch size":"200","Use Sfdc Error File":"YES","Use SFDC Bulk API":"YES","Use Sfdc Success File":"NO","Monitor Bulk Job Until All Batches Processed":"YES","SFDC success file directory":"","Treat update as upsert":"NO","Disable Bulk Success and Error file creation":"NO","Enable field truncation attribute":"NO","Use this ExternalId/IdLookup field for Upserts":"","Override Parallel concurrency with Serial":"NO","Set fields to NULL":"NO"},"isRESTModernSource":true,"isFileList":false,"handleSpecialChars":false,"frsAsset":false,"dynamicFileName":false,"fetchMode":"ORIGINAL","tgtObjectAttributes":{},"runtimeParameterData":{"@type":"mtTaskRuntimeParameterData","isConnectionRuntimeParameter":false,"isObjectRuntimeParameter":false,"connectionParameterName":"p_Salesforce_Connection"},"overriddenFields":[]},{"@type":"mtTaskParameter","id":88898062,"name":"$p_Contact_EI_Join$","type":"STRING","text":"SSN_c_AccountId = EI_LLC_BI__Account__c","label":"p_Contact_EI_Join (p_Contact_EI_Join)","description":"Join by AccountId from Contact and EI","uiProperties":{"paramtype":"Expression"},"newFlatFile":false,"newObject":false,"showBusinessNames":true,"naturalOrder":true,"truncateTarget":false,"bulkApiDBTarget":false,"customFuncCfg":{"@type":"customFuncConfig","id":-1,"connections":[],"inputMap":[],"outputFields":[]},"tgtFieldRefs":{},"targetUpdateColumns":[],"runtimeAttrs":{},"isRESTModernSource":true,"isFileList":false,"handleSpecialChars":false,"frsAsset":false,"dynamicFileName":false,"fetchMode":"ORIGINAL","tgtObjectAttributes":{},"runtimeParameterData":{"@type":"mtTaskRuntimeParameterData","isConnectionRuntimeParameter":false,"isObjectRuntimeParameter":false},"overriddenFields":[]},{"@type":"mtTaskParameter","id":88898063,"name":"$p_Exception_Definition$","type":"STRING","text":"DECODE(TRUE,\nISNULL(User_Id),'Missing User',\nISNULL(Loan_Id),'Missing Loan',\nLoanShare_Id != '','Loan Share record already exists: '||LoanShare_Id)","label":"p_Exception_Definition (p_Exception_Definition)","description":"","uiProperties":{"paramtype":"Expression","aggregate":"false","varFuncExpr":"true","udf":"true"},"newFlatFile":false,"newObject":false,"showBusinessNames":true,"naturalOrder":true,"truncateTarget":false,"bulkApiDBTarget":false,"customFuncCfg":{"@type":"customFuncConfig","id":-1,"connections":[],"inputMap":[],"outputFields":[]},"tgtFieldRefs":{},"targetUpdateColumns":[],"runtimeAttrs":{},"isRESTModernSource":true,"isFileList":false,"handleSpecialChars":false,"frsAsset":false,"dynamicFileName":false,"fetchMode":"ORIGINAL","tgtObjectAttributes":{},"runtimeParameterData":{"@type":"mtTaskRuntimeParameterData","isConnectionRuntimeParameter":false,"isObjectRuntimeParameter":false},"overriddenFields":[]},{"@type":"mtTaskParameter","id":88898064,"name":"$p_Existing_Share_Join$","type":"STRING","text":"User_Id =  LoanShare_UserOrGroupId AND\nLoan_Id=LoanShare_ParentId","label":"p_Existing_Share_Join (p_Existing_Share_Join)","description":"Join by concatenation of Loan ID and User Id from each row\\/corresponding share record","uiProperties":{"paramtype":"Expression"},"newFlatFile":false,"newObject":false,"showBusinessNames":true,"naturalOrder":true,"truncateTarget":false,"bulkApiDBTarget":false,"customFuncCfg":{"@type":"customFuncConfig","id":-1,"connections":[],"inputMap":[],"outputFields":[]},"tgtFieldRefs":{},"targetUpdateColumns":[],"runtimeAttrs":{},"isRESTModernSource":true,"isFileList":false,"handleSpecialChars":false,"frsAsset":false,"dynamicFileName":false,"fetchMode":"ORIGINAL","tgtObjectAttributes":{},"runtimeParameterData":{"@type":"mtTaskRuntimeParameterData","isConnectionRuntimeParameter":false,"isObjectRuntimeParameter":false},"overriddenFields":[]},{"@type":"mtTaskParameter","id":88898065,"name":"$p_Field_Mapping$","type":"STRING","text":"string (18, 0) ParentId=Loan_Id;string (18, 0) UserOrGroupId=User_Id;string (40, 0) AccessLevel='Edit';","label":"p_Field_Mapping (p_Field_Mapping)","description":"","uiProperties":{"paramtype":"Fieldmap","supressFieldmappingSuffix":"true","lefttitle":"Incoming Fields","righttitle":"Target Fields"},"newFlatFile":false,"newObject":false,"showBusinessNames":true,"naturalOrder":true,"truncateTarget":false,"bulkApiDBTarget":false,"customFuncCfg":{"@type":"customFuncConfig","id":-1,"connections":[],"inputMap":[],"outputFields":[]},"tgtFieldRefs":{},"targetUpdateColumns":[],"runtimeAttrs":{},"isRESTModernSource":true,"isFileList":false,"handleSpecialChars":false,"frsAsset":false,"dynamicFileName":false,"fetchMode":"ORIGINAL","tgtObjectAttributes":{},"runtimeParameterData":{"@type":"mtTaskRuntimeParameterData","isConnectionRuntimeParameter":false,"isObjectRuntimeParameter":false},"overriddenFields":[]},{"@type":"mtTaskParameter","id":88898066,"name":"$p_Loan_EI_Join$","type":"STRING","text":"EI_LLC_BI__Loan__c=Loan_Id","label":"p_Loan_EI_Join (p_Loan_EI_Join)","description":"Join by Loan SFID","uiProperties":{"paramtype":"Expression"},"newFlatFile":false,"newObject":false,"showBusinessNames":true,"naturalOrder":true,"truncateTarget":false,"bulkApiDBTarget":false,"customFuncCfg":{"@type":"customFuncConfig","id":-1,"connections":[],"inputMap":[],"outputFields":[]},"tgtFieldRefs":{},"targetUpdateColumns":[],"runtimeAttrs":{},"isRESTModernSource":true,"isFileList":false,"handleSpecialChars":false,"frsAsset":false,"dynamicFileName":false,"fetchMode":"ORIGINAL","tgtObjectAttributes":{},"runtimeParameterData":{"@type":"mtTaskRuntimeParameterData","isConnectionRuntimeParameter":false,"isObjectRuntimeParameter":false},"overriddenFields":[]},{"@type":"mtTaskParameter","id":88898067,"name":"$p_Loan_ID_Join$","type":"STRING","text":"report_Loan__Loan_ID = Loan_LLC_BI__lookupKey__c","label":"p_Loan_ID_Join (p_Loan_ID_Join)","description":"Match UID from list with LLC_BI__lookupKey__c from Loan","uiProperties":{"paramtype":"Expression"},"newFlatFile":false,"newObject":false,"showBusinessNames":true,"naturalOrder":true,"truncateTarget":false,"bulkApiDBTarget":false,"customFuncCfg":{"@type":"customFuncConfig","id":-1,"connections":[],"inputMap":[],"outputFields":[]},"tgtFieldRefs":{},"targetUpdateColumns":[],"runtimeAttrs":{},"isRESTModernSource":true,"isFileList":false,"handleSpecialChars":false,"frsAsset":false,"dynamicFileName":false,"fetchMode":"ORIGINAL","tgtObjectAttributes":{},"runtimeParameterData":{"@type":"mtTaskRuntimeParameterData","isConnectionRuntimeParameter":false,"isObjectRuntimeParameter":false},"overriddenFields":[]},{"@type":"mtTaskParameter","id":88898068,"name":"$p_Loan_Number_Filter$","type":"STRING","text":"TRUE","label":"p_Loan_Number_Filter (p_Loan_Number_Filter)","description":"Allows for filtering by loan numbers on loan extract, default set to TRUE","uiProperties":{"paramtype":"Condition"},"newFlatFile":false,"newObject":false,"showBusinessNames":true,"naturalOrder":true,"truncateTarget":false,"bulkApiDBTarget":false,"customFuncCfg":{"@type":"customFuncConfig","id":-1,"connections":[],"inputMap":[],"outputFields":[]},"tgtFieldRefs":{},"targetUpdateColumns":[],"runtimeAttrs":{},"isRESTModernSource":true,"isFileList":false,"handleSpecialChars":false,"frsAsset":false,"dynamicFileName":false,"fetchMode":"ORIGINAL","tgtObjectAttributes":{},"runtimeParameterData":{"@type":"mtTaskRuntimeParameterData","isConnectionRuntimeParameter":false,"isObjectRuntimeParameter":false},"overriddenFields":[]},{"@type":"mtTaskParameter","id":88898069,"name":"$p_User_Contact_Join$","type":"STRING","text":"SSN_c_Id = User_ContactId","label":"p_User_Contact_Join (p_User_Contact_Join)","description":"Match by Contact\\'s ID and ContactId on User","uiProperties":{"paramtype":"Expression"},"newFlatFile":false,"newObject":false,"showBusinessNames":true,"naturalOrder":true,"truncateTarget":false,"bulkApiDBTarget":false,"customFuncCfg":{"@type":"customFuncConfig","id":-1,"connections":[],"inputMap":[],"outputFields":[]},"tgtFieldRefs":{},"targetUpdateColumns":[],"runtimeAttrs":{},"isRESTModernSource":true,"isFileList":false,"handleSpecialChars":false,"frsAsset":false,"dynamicFileName":false,"fetchMode":"ORIGINAL","tgtObjectAttributes":{},"runtimeParameterData":{"@type":"mtTaskRuntimeParameterData","isConnectionRuntimeParameter":false,"isObjectRuntimeParameter":false},"overriddenFields":[]}],"sequences":[],"inOutParameters":[],"connRuntimeAttrs":[]}]