[{"@type":"mtTask","id":"@1","name":"3_Mass_Portal_Enable_Users_P3_Users","description":"This task creates a user record based on existing data from the contact, as well as other hard-coded values defined below.\r\n\r\n","runtimeEnvironmentId":"@btlifZGEkMMefD1cojpCwZ","maxLogs":10,"verbose":false,"mappingId":"@7d9fmJiHCJWfGE2HGsXcc6","shortDescription":"This task creates a user record based on existing ...","sessionProperties":{},"enableCrossSchemaPushdown":true,"autoTunedApplied":false,"paramFileType":"PARAM_FILE_LOCAL","parameterFileEncoding":"UTF-8","parameters":[{"@type":"mtTaskParameter","id":88898149,"name":"$List_Of_UIDs$","type":"EXTENDED_SOURCE","label":"Flat File Connection (FF_Connection)","description":"Select the flat file where the replication file and list is located","uiProperties":{"cnxtype":"Flat File","connectionParameterized":"true","logcnx":"FF_Connection","isMsrcFilterParameterized":"false","isMsrcSortParameterized":"false","objectParameterized":"false","visible":"false"},"sourceConnectionId":"@87bwnVCnh6pbExr59SWHUN","newFlatFile":false,"newObject":false,"showBusinessNames":true,"naturalOrder":true,"truncateTarget":false,"bulkApiDBTarget":false,"customFuncCfg":{"@type":"customFuncConfig","id":-1,"connections":[],"inputMap":[],"outputFields":[]},"tgtFieldRefs":{},"targetUpdateColumns":[],"extendedObject":{"@type":"extendedObject","object":{"@type":"mObject","name":"PortalEnable_Records.csv","label":"PortalEnable_Records.csv","metadataUpdated":false,"relations":[],"children":[]},"filters":[],"sortFields":[]},"runtimeAttrs":{},"isRESTModernSource":true,"isFileList":false,"handleSpecialChars":false,"frsAsset":false,"dynamicFileName":false,"fetchMode":"ORIGINAL","tgtObjectAttributes":{},"runtimeParameterData":{"@type":"mtTaskRuntimeParameterData","isConnectionRuntimeParameter":false,"isObjectRuntimeParameter":false,"connectionParameterName":"FF_Connection"},"overriddenFields":[]},{"@type":"mtTaskParameter","id":88898150,"name":"$FF_Exception$","type":"TARGET","label":"FF_Exception_Connection (FF_Exception_Connection)","description":"Where the exception file goes","uiProperties":{"connectionParameterized":"true","logcnx":"FF_Exception_Connection","objlabel":"FF_Exception","objectParameterized":"true","objDesc":"","defaultTargetUpdateColumns":""},"targetConnectionId":"@87bwnVCnh6pbExr59SWHUN","targetObject":"PortalEnable_Exceptions","targetObjectLabel":"PortalEnable_Exceptions","newFlatFile":false,"newObject":true,"showBusinessNames":true,"naturalOrder":true,"newObjectName":"PortalEnable_Exceptions","truncateTarget":false,"bulkApiDBTarget":false,"operationType":"Insert","customFuncCfg":{"@type":"customFuncConfig","id":-1,"connections":[],"inputMap":[],"outputFields":[]},"tgtFieldRefs":{},"targetUpdateColumns":[],"extendedObject":{"@type":"extendedObject","filters":[],"sortFields":[]},"runtimeAttrs":{},"isRESTModernSource":true,"isFileList":false,"handleSpecialChars":false,"frsAsset":false,"dynamicFileName":false,"fetchMode":"ORIGINAL","tgtObjectAttributes":{},"runtimeParameterData":{"@type":"mtTaskRuntimeParameterData","isConnectionRuntimeParameter":false,"isObjectRuntimeParameter":false,"connectionParameterName":"FF_Exception_Connection","objectParameterName":"FF_Exception"},"overriddenFields":[]},{"@type":"mtTaskParameter","id":88898151,"name":"$SFDC_Target$","type":"TARGET","label":"SFDC_Connection (SFDC_Connection)","description":"Select the Salesforce Connection (what salesforce environment these records should be portal enabled in)","uiProperties":{"cnxtype":"Salesforce","connectionParameterized":"true","logcnx":"SFDC_Connection","objlabel":"nCino_Object","objectParameterized":"true","objDesc":"Select the Object to be portal enabled","defaultTargetUpdateColumns":"","fieldMappingParameterized":"true"},"targetConnectionId":"@f2j1mZNN7c2gcVVWRS86Kk","targetObject":"User","targetObjectLabel":"User","newFlatFile":false,"newObject":false,"showBusinessNames":true,"naturalOrder":true,"truncateTarget":false,"bulkApiDBTarget":false,"operationType":"Insert","customFuncCfg":{"@type":"customFuncConfig","id":-1,"connections":[],"inputMap":[],"outputFields":[]},"tgtFieldRefs":{},"targetUpdateColumns":[],"extendedObject":{"@type":"extendedObject","filters":[],"sortFields":[]},"runtimeAttrs":{"Use Sfdc Error File":"YES","Override Parallel concurrency with Serial":"YES","Monitor Bulk Job Until All Batches Processed":"YES","Max batch size":"1"},"isRESTModernSource":true,"isFileList":false,"handleSpecialChars":false,"frsAsset":false,"dynamicFileName":false,"fetchMode":"ORIGINAL","tgtObjectAttributes":{},"runtimeParameterData":{"@type":"mtTaskRuntimeParameterData","isConnectionRuntimeParameter":false,"isObjectRuntimeParameter":false,"connectionParameterName":"SFDC_Connection","objectParameterName":"nCino_Object"},"overriddenFields":[]},{"@type":"mtTaskParameter","id":88898152,"name":"$Data_Driven_Condition_Parameter$","type":"STRING","text":"DD_INSERT","label":"Data_Driven_Condition_Parameter (Data_Driven_Condition_Parameter)","description":"Should this be insert-only\\/insert-update\\/how should this be input into salesforce?","uiProperties":{"paramtype":"Expression","updstraExpr":"true"},"newFlatFile":false,"newObject":false,"showBusinessNames":true,"naturalOrder":true,"truncateTarget":false,"bulkApiDBTarget":false,"customFuncCfg":{"@type":"customFuncConfig","id":-1,"connections":[],"inputMap":[],"outputFields":[]},"tgtFieldRefs":{},"targetUpdateColumns":[],"runtimeAttrs":{},"isRESTModernSource":true,"isFileList":false,"handleSpecialChars":false,"frsAsset":false,"dynamicFileName":false,"fetchMode":"ORIGINAL","tgtObjectAttributes":{},"runtimeParameterData":{"@type":"mtTaskRuntimeParameterData","isConnectionRuntimeParameter":false,"isObjectRuntimeParameter":false},"overriddenFields":[]},{"@type":"mtTaskParameter","id":88898153,"name":"$Field_Mapping_Parameter$","type":"STRING","text":"string (80, 0) Username=Substr(c_FirstName, 1, 1) ||c_LastName||'@ncino.com.invalid';string (80, 0) LastName=c_LastName;string (40, 0) FirstName=c_FirstName;string (121, 0) Name=c_Name;string (80, 0) Title=c_Title;string (128, 0) Email=Concat(c_Email,'.invalid');string (8, 0) Alias=Substr(c_FirstName, 1, 1) ||c_LastName;string (40, 0) CommunityNickname=Substr(c_FirstName, 1, 1) ||c_LastName;integer (10, 0) IsActive=TRUE;string (40, 0) TimeZoneSidKey='America/New_York';string (40, 0) LocaleSidKey='en_US';string (40, 0) EmailEncodingKey='ISO-8859-1';string (18, 0) ProfileId='00ef4000000Z70lAAC';string (40, 0) LanguageLocaleKey='en_US';string (18, 0) ContactId=c_Id;string (18, 0) AccountId=c_AccountId;string (255, 0) nSBA__Gender__c=c_nSBA__Gender__c;","label":"Field_Mapping_Parameter (Field_Mapping_Parameter)","description":"","uiProperties":{"paramtype":"Fieldmap","supressFieldmappingSuffix":"true","lefttitle":"Incoming Fields","righttitle":"Target Fields"},"newFlatFile":false,"newObject":false,"showBusinessNames":true,"naturalOrder":true,"truncateTarget":false,"bulkApiDBTarget":false,"customFuncCfg":{"@type":"customFuncConfig","id":-1,"connections":[],"inputMap":[],"outputFields":[]},"tgtFieldRefs":{},"targetUpdateColumns":[],"runtimeAttrs":{},"isRESTModernSource":true,"isFileList":false,"handleSpecialChars":false,"frsAsset":false,"dynamicFileName":false,"fetchMode":"ORIGINAL","tgtObjectAttributes":{},"runtimeParameterData":{"@type":"mtTaskRuntimeParameterData","isConnectionRuntimeParameter":false,"isObjectRuntimeParameter":false},"overriddenFields":[]},{"@type":"mtTaskParameter","id":88898154,"name":"$p_Exception_Definition$","type":"STRING","text":"DECODE(TRUE,\nISNULL(c_Id),'Could not locate customer with this UID or SSN',\nISNULL(c_Email),'Missing Email',\nISNULL(c_LastName),'Missing Last Name',\nISNULL(c_FirstName),'Missing First Name')","label":"p_Exception_Definition (p_Exception_Definition)","description":"","uiProperties":{"paramtype":"Expression","aggregate":"false","varFuncExpr":"true","udf":"true"},"newFlatFile":false,"newObject":false,"showBusinessNames":true,"naturalOrder":true,"truncateTarget":false,"bulkApiDBTarget":false,"customFuncCfg":{"@type":"customFuncConfig","id":-1,"connections":[],"inputMap":[],"outputFields":[]},"tgtFieldRefs":{},"targetUpdateColumns":[],"runtimeAttrs":{},"isRESTModernSource":true,"isFileList":false,"handleSpecialChars":false,"frsAsset":false,"dynamicFileName":false,"fetchMode":"ORIGINAL","tgtObjectAttributes":{},"runtimeParameterData":{"@type":"mtTaskRuntimeParameterData","isConnectionRuntimeParameter":false,"isObjectRuntimeParameter":false},"overriddenFields":[]}],"sequences":[],"inOutParameters":[],"connRuntimeAttrs":[]}]