[{"@type":"mtTask","id":"@1","name":"2_Mass_Portal_Enable_Users_Report_Processor","description":"","runtimeEnvironmentId":"@btlifZGEkMMefD1cojpCwZ","maxLogs":10,"verbose":false,"mappingId":"@1abIPhS87buh16Vfzy05WW","shortDescription":"","sessionProperties":{},"enableCrossSchemaPushdown":true,"autoTunedApplied":false,"paramFileType":"PARAM_FILE_LOCAL","parameterFileEncoding":"UTF-8","parameters":[{"@type":"mtTaskParameter","id":88898142,"name":"$FF_ContactReplication$","type":"EXTENDED_SOURCE","label":"Local Connection (p_FF_Connection)","description":"","uiProperties":{"cnxtype":"Flat File","connectionParameterized":"true","logcnx":"p_FF_Connection","isMsrcFilterParameterized":"false","isMsrcSortParameterized":"false","objectParameterized":"false","visible":"false"},"sourceConnectionId":"@87bwnVCnh6pbExr59SWHUN","newFlatFile":false,"newObject":false,"showBusinessNames":true,"naturalOrder":true,"truncateTarget":false,"bulkApiDBTarget":false,"customFuncCfg":{"@type":"customFuncConfig","id":-1,"connections":[],"inputMap":[],"outputFields":[]},"tgtFieldRefs":{},"targetUpdateColumns":[],"extendedObject":{"@type":"extendedObject","object":{"@type":"mObject","name":"PortalEnable_Contact","label":"PortalEnable_Contact","metadataUpdated":false,"relations":[],"children":[]},"filters":[],"sortFields":[]},"runtimeAttrs":{},"isRESTModernSource":true,"isFileList":false,"handleSpecialChars":false,"frsAsset":false,"dynamicFileName":false,"fetchMode":"ORIGINAL","tgtObjectAttributes":{},"runtimeParameterData":{"@type":"mtTaskRuntimeParameterData","isConnectionRuntimeParameter":false,"isObjectRuntimeParameter":false,"connectionParameterName":"p_FF_Connection"},"overriddenFields":[]},{"@type":"mtTaskParameter","id":88898143,"name":"$FF_Report$","type":"EXTENDED_SOURCE","label":"Local Connection (p_FF_Connection)","description":"","uiProperties":{"cnxtype":"Flat File","connectionParameterized":"true","logcnx":"p_FF_Connection","isMsrcFilterParameterized":"false","isMsrcSortParameterized":"false","objlabel":"Report File","objectParameterized":"true","objDesc":""},"sourceConnectionId":"@87bwnVCnh6pbExr59SWHUN","newFlatFile":false,"newObject":false,"showBusinessNames":true,"naturalOrder":true,"truncateTarget":false,"bulkApiDBTarget":false,"customFuncCfg":{"@type":"customFuncConfig","id":-1,"connections":[],"inputMap":[],"outputFields":[]},"tgtFieldRefs":{},"targetUpdateColumns":[],"extendedObject":{"@type":"extendedObject","object":{"@type":"mObject","name":"mass_enable.csv","label":"mass_enable.csv","metadataUpdated":false,"relations":[],"children":[]},"filters":[],"sortFields":[]},"runtimeAttrs":{},"isRESTModernSource":true,"isFileList":false,"handleSpecialChars":false,"frsAsset":false,"dynamicFileName":false,"fetchMode":"ORIGINAL","tgtObjectAttributes":{},"runtimeParameterData":{"@type":"mtTaskRuntimeParameterData","isConnectionRuntimeParameter":false,"isObjectRuntimeParameter":false,"connectionParameterName":"p_FF_Connection","objectParameterName":"p_FF_report_file"},"overriddenFields":[]},{"@type":"mtTaskParameter","id":88898144,"name":"$FF_Target$","type":"TARGET","label":"Local Connection (p_FF_Connection)","description":"","uiProperties":{"cnxtype":"Flat File","connectionParameterized":"true","logcnx":"p_FF_Connection","default":"PortalEnable_Records.csv","objectParameterized":"false","visible":"false","defaultTargetUpdateColumns":""},"targetConnectionId":"@87bwnVCnh6pbExr59SWHUN","targetObject":"PortalEnable_Records.csv","targetObjectLabel":"PortalEnable_Records.csv","newFlatFile":false,"newObject":false,"showBusinessNames":true,"naturalOrder":true,"truncateTarget":false,"bulkApiDBTarget":false,"operationType":"Insert","customFuncCfg":{"@type":"customFuncConfig","id":-1,"connections":[],"inputMap":[],"outputFields":[]},"tgtFieldRefs":{},"targetUpdateColumns":[],"extendedObject":{"@type":"extendedObject","filters":[],"sortFields":[]},"runtimeAttrs":{},"isRESTModernSource":true,"isFileList":false,"handleSpecialChars":false,"frsAsset":false,"dynamicFileName":false,"fetchMode":"ORIGINAL","tgtObjectAttributes":{},"runtimeParameterData":{"@type":"mtTaskRuntimeParameterData","isConnectionRuntimeParameter":false,"isObjectRuntimeParameter":false,"connectionParameterName":"p_FF_Connection"},"overriddenFields":[]},{"@type":"mtTaskParameter","id":88898145,"name":"$p_AGG_ContactRecords$","type":"STRING","text":"c_Id","label":"Contact Id (p_AGG_ContactRecords)","description":"","uiProperties":{"default":"contact_Id","paramtype":"GroupBy"},"newFlatFile":false,"newObject":false,"showBusinessNames":true,"naturalOrder":true,"truncateTarget":false,"bulkApiDBTarget":false,"customFuncCfg":{"@type":"customFuncConfig","id":-1,"connections":[],"inputMap":[],"outputFields":[]},"tgtFieldRefs":{},"targetUpdateColumns":[],"runtimeAttrs":{},"isRESTModernSource":true,"isFileList":false,"handleSpecialChars":false,"frsAsset":false,"dynamicFileName":false,"fetchMode":"ORIGINAL","tgtObjectAttributes":{},"runtimeParameterData":{"@type":"mtTaskRuntimeParameterData","isConnectionRuntimeParameter":false,"isObjectRuntimeParameter":false},"overriddenFields":[]},{"@type":"mtTaskParameter","id":88898146,"name":"$p_Join$","type":"STRING","text":"report_Relationship_Name__report_recordId= c_AccountId","label":"Join Criteria (p_Join)","description":"","uiProperties":{"paramtype":"Expression"},"newFlatFile":false,"newObject":false,"showBusinessNames":true,"naturalOrder":true,"truncateTarget":false,"bulkApiDBTarget":false,"customFuncCfg":{"@type":"customFuncConfig","id":-1,"connections":[],"inputMap":[],"outputFields":[]},"tgtFieldRefs":{},"targetUpdateColumns":[],"runtimeAttrs":{},"isRESTModernSource":true,"isFileList":false,"handleSpecialChars":false,"frsAsset":false,"dynamicFileName":false,"fetchMode":"ORIGINAL","tgtObjectAttributes":{},"runtimeParameterData":{"@type":"mtTaskRuntimeParameterData","isConnectionRuntimeParameter":false,"isObjectRuntimeParameter":false},"overriddenFields":[]},{"@type":"mtTaskParameter","id":88898147,"name":"$srt_Contact$","type":"STRING","text":"AccountId=ASC;","label":"Sort Contact Records (srt_Contact)","description":"","uiProperties":{"default":"Id","paramtype":"SortList"},"newFlatFile":false,"newObject":false,"showBusinessNames":true,"naturalOrder":true,"truncateTarget":false,"bulkApiDBTarget":false,"customFuncCfg":{"@type":"customFuncConfig","id":-1,"connections":[],"inputMap":[],"outputFields":[]},"tgtFieldRefs":{},"targetUpdateColumns":[],"runtimeAttrs":{},"isRESTModernSource":true,"isFileList":false,"handleSpecialChars":false,"frsAsset":false,"dynamicFileName":false,"fetchMode":"ORIGINAL","tgtObjectAttributes":{},"runtimeParameterData":{"@type":"mtTaskRuntimeParameterData","isConnectionRuntimeParameter":false,"isObjectRuntimeParameter":false},"overriddenFields":[]},{"@type":"mtTaskParameter","id":88898148,"name":"$srt_Report$","type":"STRING","text":"Relationship_Name__report_recordId=ASC;","label":"Sort Report (srt_Report)","description":"","uiProperties":{"paramtype":"SortList"},"newFlatFile":false,"newObject":false,"showBusinessNames":true,"naturalOrder":true,"truncateTarget":false,"bulkApiDBTarget":false,"customFuncCfg":{"@type":"customFuncConfig","id":-1,"connections":[],"inputMap":[],"outputFields":[]},"tgtFieldRefs":{},"targetUpdateColumns":[],"runtimeAttrs":{},"isRESTModernSource":true,"isFileList":false,"handleSpecialChars":false,"frsAsset":false,"dynamicFileName":false,"fetchMode":"ORIGINAL","tgtObjectAttributes":{},"runtimeParameterData":{"@type":"mtTaskRuntimeParameterData","isConnectionRuntimeParameter":false,"isObjectRuntimeParameter":false},"overriddenFields":[]}],"sequences":[],"inOutParameters":[],"connRuntimeAttrs":[]}]