[{"@type":"mtTask","id":"@1","name":"7_Mass_Portal_Enable_Users_P3_Account_Share_Business","description":"This task creates an account share record that ties the Customer’s Business to their portal user record.  It does this by querying through the connection records that the Customer’s Contact’s Account is tied to, looking for only “Business” Type values (such as Corporation, Limited Liability Company, etc.) for the Accounts on the “LLC_BI__Connected_To__c” field on Connection, and creating an Account share using that portal user and that business account, with an AccountAccessLevel of “Edit”.\r\nThis allows the customer to upload and see portal-enabled documents from the Business’s AccountDocMan.\r\nIt does not take a list of Business ID’s - it will portal-enable all business relationships connected (via LLC_BI__Connection__c record) to the Individual relationship that satisfy the Type criteria.\r\nIt also looks for existing Business Share records to make sure that duplicates do not get inserted.","runtimeEnvironmentId":"@btlifZGEkMMefD1cojpCwZ","maxLogs":10,"verbose":false,"mappingId":"@5Gs4ntVbbgqjRtRMWokcGt","shortDescription":"This task creates an account share record that tie...","sessionProperties":{},"enableCrossSchemaPushdown":true,"autoTunedApplied":false,"paramFileType":"PARAM_FILE_LOCAL","parameterFileEncoding":"UTF-8","parameters":[{"@type":"mtTaskParameter","id":88898100,"name":"$Connection_Source_File$","type":"EXTENDED_SOURCE","label":"p_FF_connection (p_FF_connection)","description":"","uiProperties":{"cnxtype":"Flat File","connectionParameterized":"true","logcnx":"p_FF_connection","isMsrcFilterParameterized":"false","isMsrcSortParameterized":"false","objectParameterized":"false","visible":"false"},"sourceConnectionId":"@87bwnVCnh6pbExr59SWHUN","newFlatFile":false,"newObject":false,"showBusinessNames":true,"naturalOrder":true,"truncateTarget":false,"bulkApiDBTarget":false,"customFuncCfg":{"@type":"customFuncConfig","id":-1,"connections":[],"inputMap":[],"outputFields":[]},"tgtFieldRefs":{},"targetUpdateColumns":[],"extendedObject":{"@type":"extendedObject","object":{"@type":"mObject","name":"PortalEnable_Connection","label":"PortalEnable_Connection","metadataUpdated":false,"relations":[],"children":[]},"filters":[],"sortFields":[]},"runtimeAttrs":{},"isRESTModernSource":true,"isFileList":false,"handleSpecialChars":false,"frsAsset":false,"dynamicFileName":false,"fetchMode":"ORIGINAL","tgtObjectAttributes":{},"runtimeParameterData":{"@type":"mtTaskRuntimeParameterData","isConnectionRuntimeParameter":false,"isObjectRuntimeParameter":false,"connectionParameterName":"p_FF_connection"},"overriddenFields":[]},{"@type":"mtTaskParameter","id":88898101,"name":"$List_of_UIDs$","type":"EXTENDED_SOURCE","label":"p_FF_connection (p_FF_connection)","description":"","uiProperties":{"cnxtype":"Flat File","connectionParameterized":"true","logcnx":"p_FF_connection","isMsrcFilterParameterized":"false","isMsrcSortParameterized":"false","objectParameterized":"false","visible":"false"},"sourceConnectionId":"@87bwnVCnh6pbExr59SWHUN","newFlatFile":false,"newObject":false,"showBusinessNames":true,"naturalOrder":true,"truncateTarget":false,"bulkApiDBTarget":false,"customFuncCfg":{"@type":"customFuncConfig","id":-1,"connections":[],"inputMap":[],"outputFields":[]},"tgtFieldRefs":{},"targetUpdateColumns":[],"extendedObject":{"@type":"extendedObject","object":{"@type":"mObject","name":"PortalEnable_Records.csv","label":"PortalEnable_Records.csv","metadataUpdated":false,"relations":[],"children":[]},"filters":[],"sortFields":[]},"runtimeAttrs":{},"isRESTModernSource":true,"isFileList":false,"handleSpecialChars":false,"frsAsset":false,"dynamicFileName":false,"fetchMode":"ORIGINAL","tgtObjectAttributes":{},"runtimeParameterData":{"@type":"mtTaskRuntimeParameterData","isConnectionRuntimeParameter":false,"isObjectRuntimeParameter":false,"connectionParameterName":"p_FF_connection"},"overriddenFields":[]},{"@type":"mtTaskParameter","id":88898102,"name":"$Share_Record_Replication$","type":"EXTENDED_SOURCE","label":"p_FF_connection (p_FF_connection)","description":"","uiProperties":{"cnxtype":"Flat File","connectionParameterized":"true","logcnx":"p_FF_connection","isMsrcFilterParameterized":"false","isMsrcSortParameterized":"false","objectParameterized":"false","visible":"false"},"sourceConnectionId":"@87bwnVCnh6pbExr59SWHUN","newFlatFile":false,"newObject":false,"showBusinessNames":true,"naturalOrder":true,"truncateTarget":false,"bulkApiDBTarget":false,"customFuncCfg":{"@type":"customFuncConfig","id":-1,"connections":[],"inputMap":[],"outputFields":[]},"tgtFieldRefs":{},"targetUpdateColumns":[],"extendedObject":{"@type":"extendedObject","object":{"@type":"mObject","name":"PortalEnable_AccountShare","label":"PortalEnable_AccountShare","metadataUpdated":false,"relations":[],"children":[]},"filters":[],"sortFields":[]},"runtimeAttrs":{},"isRESTModernSource":true,"isFileList":false,"handleSpecialChars":false,"frsAsset":false,"dynamicFileName":false,"fetchMode":"ORIGINAL","tgtObjectAttributes":{},"runtimeParameterData":{"@type":"mtTaskRuntimeParameterData","isConnectionRuntimeParameter":false,"isObjectRuntimeParameter":false,"connectionParameterName":"p_FF_connection"},"overriddenFields":[]},{"@type":"mtTaskParameter","id":88898103,"name":"$User_Replication_File$","type":"EXTENDED_SOURCE","label":"p_FF_connection (p_FF_connection)","description":"","uiProperties":{"cnxtype":"Flat File","connectionParameterized":"true","logcnx":"p_FF_connection","isMsrcFilterParameterized":"false","isMsrcSortParameterized":"false","objectParameterized":"false","visible":"false"},"sourceConnectionId":"@87bwnVCnh6pbExr59SWHUN","newFlatFile":false,"newObject":false,"showBusinessNames":true,"naturalOrder":true,"truncateTarget":false,"bulkApiDBTarget":false,"customFuncCfg":{"@type":"customFuncConfig","id":-1,"connections":[],"inputMap":[],"outputFields":[]},"tgtFieldRefs":{},"targetUpdateColumns":[],"extendedObject":{"@type":"extendedObject","object":{"@type":"mObject","name":"PortalEnable_User","label":"PortalEnable_User","metadataUpdated":false,"relations":[],"children":[]},"filters":[],"sortFields":[]},"runtimeAttrs":{},"isRESTModernSource":true,"isFileList":false,"handleSpecialChars":false,"frsAsset":false,"dynamicFileName":false,"fetchMode":"ORIGINAL","tgtObjectAttributes":{},"runtimeParameterData":{"@type":"mtTaskRuntimeParameterData","isConnectionRuntimeParameter":false,"isObjectRuntimeParameter":false,"connectionParameterName":"p_FF_connection"},"overriddenFields":[]},{"@type":"mtTaskParameter","id":88898104,"name":"$FF_Exception$","type":"TARGET","label":"p_FF_connection (p_FF_connection)","description":"","uiProperties":{"cnxtype":"Flat File","connectionParameterized":"true","logcnx":"p_FF_connection","default":"PortalEnable_Account_Share_Business_Exceptions","objectParameterized":"false","visible":"false","defaultTargetUpdateColumns":""},"targetConnectionId":"@87bwnVCnh6pbExr59SWHUN","targetObject":"PortalEnable_Account_Share_Business_Exceptions","targetObjectLabel":"PortalEnable_Account_Share_Business_Exceptions","newFlatFile":false,"newObject":false,"showBusinessNames":true,"naturalOrder":true,"truncateTarget":false,"bulkApiDBTarget":false,"operationType":"Insert","customFuncCfg":{"@type":"customFuncConfig","id":-1,"connections":[],"inputMap":[],"outputFields":[]},"tgtFieldRefs":{},"targetUpdateColumns":[],"extendedObject":{"@type":"extendedObject","filters":[],"sortFields":[]},"runtimeAttrs":{},"isRESTModernSource":true,"isFileList":false,"handleSpecialChars":false,"frsAsset":false,"dynamicFileName":false,"fetchMode":"ORIGINAL","tgtObjectAttributes":{},"runtimeParameterData":{"@type":"mtTaskRuntimeParameterData","isConnectionRuntimeParameter":false,"isObjectRuntimeParameter":false,"connectionParameterName":"p_FF_connection"},"overriddenFields":[]},{"@type":"mtTaskParameter","id":88898105,"name":"$SFDC_Target$","type":"TARGET","label":"p_Salesforce_Connection (p_Salesforce_Connection)","description":"What Salesforce Environment AccountShares are created","uiProperties":{"cnxtype":"Salesforce","connectionParameterized":"true","logcnx":"p_Salesforce_Connection","default":"AccountShare","objectParameterized":"false","visible":"false","defaultTargetUpdateColumns":"","fieldMappingParameterized":"true"},"targetConnectionId":"@f2j1mZNN7c2gcVVWRS86Kk","targetObject":"AccountShare","targetObjectLabel":"AccountShare","newFlatFile":false,"newObject":false,"showBusinessNames":true,"naturalOrder":true,"truncateTarget":false,"bulkApiDBTarget":false,"operationType":"Insert","customFuncCfg":{"@type":"customFuncConfig","id":-1,"connections":[],"inputMap":[],"outputFields":[]},"tgtFieldRefs":{},"targetUpdateColumns":[],"extendedObject":{"@type":"extendedObject","filters":[],"sortFields":[]},"runtimeAttrs":{"Use Idlookup field for upserts":"NO","Treat insert as upsert":"NO","Max batch size":"1","Use Sfdc Error File":"YES","Use SFDC Bulk API":"NO","Use Sfdc Success File":"YES","Monitor Bulk Job Until All Batches Processed":"YES","SFDC success file directory":"","Treat update as upsert":"NO","Disable Bulk Success and Error file creation":"NO","Enable field truncation attribute":"NO","Use this ExternalId/IdLookup field for Upserts":"","Override Parallel concurrency with Serial":"NO","Set fields to NULL":"NO"},"isRESTModernSource":true,"isFileList":false,"handleSpecialChars":false,"frsAsset":false,"dynamicFileName":false,"fetchMode":"ORIGINAL","tgtObjectAttributes":{},"runtimeParameterData":{"@type":"mtTaskRuntimeParameterData","isConnectionRuntimeParameter":false,"isObjectRuntimeParameter":false,"connectionParameterName":"p_Salesforce_Connection"},"overriddenFields":[]},{"@type":"mtTaskParameter","id":88898106,"name":"$p_Account_Connection_Join$","type":"STRING","text":"Connection_LLC_BI__Connected_From__c = c_AccountId","label":"p_Account_Connection_Join (p_Account_Connection_Join)","description":"","uiProperties":{"paramtype":"Expression"},"newFlatFile":false,"newObject":false,"showBusinessNames":true,"naturalOrder":true,"truncateTarget":false,"bulkApiDBTarget":false,"customFuncCfg":{"@type":"customFuncConfig","id":-1,"connections":[],"inputMap":[],"outputFields":[]},"tgtFieldRefs":{},"targetUpdateColumns":[],"runtimeAttrs":{},"isRESTModernSource":true,"isFileList":false,"handleSpecialChars":false,"frsAsset":false,"dynamicFileName":false,"fetchMode":"ORIGINAL","tgtObjectAttributes":{},"runtimeParameterData":{"@type":"mtTaskRuntimeParameterData","isConnectionRuntimeParameter":false,"isObjectRuntimeParameter":false},"overriddenFields":[]},{"@type":"mtTaskParameter","id":88898107,"name":"$p_Connection_Filter$","type":"STRING","text":"TRUE","label":"p_Connection_Filter (p_Connection_Filter)","description":"filter only for the Connection Roles that have \\\"Company\\\" in the name","uiProperties":{"paramtype":"Condition"},"newFlatFile":false,"newObject":false,"showBusinessNames":true,"naturalOrder":true,"truncateTarget":false,"bulkApiDBTarget":false,"customFuncCfg":{"@type":"customFuncConfig","id":-1,"connections":[],"inputMap":[],"outputFields":[]},"tgtFieldRefs":{},"targetUpdateColumns":[],"runtimeAttrs":{},"isRESTModernSource":true,"isFileList":false,"handleSpecialChars":false,"frsAsset":false,"dynamicFileName":false,"fetchMode":"ORIGINAL","tgtObjectAttributes":{},"runtimeParameterData":{"@type":"mtTaskRuntimeParameterData","isConnectionRuntimeParameter":false,"isObjectRuntimeParameter":false},"overriddenFields":[]},{"@type":"mtTaskParameter","id":88898108,"name":"$p_Exception_Definition$","type":"STRING","text":"DECODE(TRUE,\nConnection_LLC_BI__Connected_To__c = '' OR ISNULL(Connection_LLC_BI__Connected_To__c), 'Could not identify Connection',\nUser_Id = '' OR ISNULL(User_Id), 'Missing User',\nAccountShare_Id != '', 'AccountShare record already exists')","label":"p_Exception_Definition (p_Exception_Definition)","description":"","uiProperties":{"paramtype":"Expression","aggregate":"false","varFuncExpr":"true","udf":"true"},"newFlatFile":false,"newObject":false,"showBusinessNames":true,"naturalOrder":true,"truncateTarget":false,"bulkApiDBTarget":false,"customFuncCfg":{"@type":"customFuncConfig","id":-1,"connections":[],"inputMap":[],"outputFields":[]},"tgtFieldRefs":{},"targetUpdateColumns":[],"runtimeAttrs":{},"isRESTModernSource":true,"isFileList":false,"handleSpecialChars":false,"frsAsset":false,"dynamicFileName":false,"fetchMode":"ORIGINAL","tgtObjectAttributes":{},"runtimeParameterData":{"@type":"mtTaskRuntimeParameterData","isConnectionRuntimeParameter":false,"isObjectRuntimeParameter":false},"overriddenFields":[]},{"@type":"mtTaskParameter","id":88898109,"name":"$p_Existing_Account_Share_Join$","type":"STRING","text":"Connection_LLC_BI__Connected_To__c= AccountShare_AccountId AND User_Id = AccountShare_UserOrGroupId","label":"p_Existing_Account_Share_Join (p_Existing_Account_Share_Join)","description":"","uiProperties":{"paramtype":"Expression"},"newFlatFile":false,"newObject":false,"showBusinessNames":true,"naturalOrder":true,"truncateTarget":false,"bulkApiDBTarget":false,"customFuncCfg":{"@type":"customFuncConfig","id":-1,"connections":[],"inputMap":[],"outputFields":[]},"tgtFieldRefs":{},"targetUpdateColumns":[],"runtimeAttrs":{},"isRESTModernSource":true,"isFileList":false,"handleSpecialChars":false,"frsAsset":false,"dynamicFileName":false,"fetchMode":"ORIGINAL","tgtObjectAttributes":{},"runtimeParameterData":{"@type":"mtTaskRuntimeParameterData","isConnectionRuntimeParameter":false,"isObjectRuntimeParameter":false},"overriddenFields":[]},{"@type":"mtTaskParameter","id":88898110,"name":"$p_Field_Mapping$","type":"STRING","text":"string (18, 0) AccountId=Connection_LLC_BI__Connected_To__c;string (18, 0) UserOrGroupId=User_Id;string (40, 0) AccountAccessLevel='Edit';string (40, 0) OpportunityAccessLevel='None';string (40, 0) CaseAccessLevel='None';","label":"p_Field_Mapping (p_Field_Mapping)","description":"","uiProperties":{"paramtype":"Fieldmap","supressFieldmappingSuffix":"true","lefttitle":"Incoming Fields","righttitle":"Target Fields"},"newFlatFile":false,"newObject":false,"showBusinessNames":true,"naturalOrder":true,"truncateTarget":false,"bulkApiDBTarget":false,"customFuncCfg":{"@type":"customFuncConfig","id":-1,"connections":[],"inputMap":[],"outputFields":[]},"tgtFieldRefs":{},"targetUpdateColumns":[],"runtimeAttrs":{},"isRESTModernSource":true,"isFileList":false,"handleSpecialChars":false,"frsAsset":false,"dynamicFileName":false,"fetchMode":"ORIGINAL","tgtObjectAttributes":{},"runtimeParameterData":{"@type":"mtTaskRuntimeParameterData","isConnectionRuntimeParameter":false,"isObjectRuntimeParameter":false},"overriddenFields":[]},{"@type":"mtTaskParameter","id":88898111,"name":"$p_UID_Filter$","type":"STRING","text":"TRUE","label":"p_UID_Filter (p_UID_Filter)","description":"Filter for the original list of SSN\\'s, CIF\\'s, or UID\\'s of new portal users. Default set to \\'TRUE\\'","uiProperties":{"paramtype":"Condition"},"newFlatFile":false,"newObject":false,"showBusinessNames":true,"naturalOrder":true,"truncateTarget":false,"bulkApiDBTarget":false,"customFuncCfg":{"@type":"customFuncConfig","id":-1,"connections":[],"inputMap":[],"outputFields":[]},"tgtFieldRefs":{},"targetUpdateColumns":[],"runtimeAttrs":{},"isRESTModernSource":true,"isFileList":false,"handleSpecialChars":false,"frsAsset":false,"dynamicFileName":false,"fetchMode":"ORIGINAL","tgtObjectAttributes":{},"runtimeParameterData":{"@type":"mtTaskRuntimeParameterData","isConnectionRuntimeParameter":false,"isObjectRuntimeParameter":false},"overriddenFields":[]},{"@type":"mtTaskParameter","id":88898112,"name":"$p_User_Contact_Join$","type":"STRING","text":"c_Id = User_ContactId","label":"p_User_Contact_Join (p_User_Contact_Join)","description":"Join Condition for User and Contact","uiProperties":{"paramtype":"Expression"},"newFlatFile":false,"newObject":false,"showBusinessNames":true,"naturalOrder":true,"truncateTarget":false,"bulkApiDBTarget":false,"customFuncCfg":{"@type":"customFuncConfig","id":-1,"connections":[],"inputMap":[],"outputFields":[]},"tgtFieldRefs":{},"targetUpdateColumns":[],"runtimeAttrs":{},"isRESTModernSource":true,"isFileList":false,"handleSpecialChars":false,"frsAsset":false,"dynamicFileName":false,"fetchMode":"ORIGINAL","tgtObjectAttributes":{},"runtimeParameterData":{"@type":"mtTaskRuntimeParameterData","isConnectionRuntimeParameter":false,"isObjectRuntimeParameter":false},"overriddenFields":[]}],"sequences":[],"inOutParameters":[],"connRuntimeAttrs":[]}]