[{"@type":"mtTask","id":"@1","name":"1_Mass_Portal_Enable_Users_P3_Replication","description":"","runtimeEnvironmentId":"@btlifZGEkMMefD1cojpCwZ","preProcessingCmd":"del /q c:\\data\\eTran\\PortalEnable_* && echo. > c:\\data\\eTran\\PortalEnable_Records.csv&& echo. > c:\\data\\eTran\\PortalEnable_Contact && echo. > c:\\data\\eTran\\PortalEnable_Relationship && echo. > c:\\data\\eTran\\PortalEnable_Deposit && echo.  > c:\\data\\eTran\\PortalEnable_Connection && echo. > c:\\data\\eTran\\PortalEnable_AccountShare && echo. > c:\\data\\eTran\\PortalEnable_User && echo. > c:\\data\\eTran\\PortalEnable_Entity_Involvement && echo. > c:\\data\\eTran\\PortalEnable_Loan && echo. > c:\\data\\eTran\\PortalEnable_Loan_Share && echo. > c:\\data\\eTran\\PortalEnable_Account_Share_Business_Exceptions && echo. > c:\\data\\eTran\\PortalEnable_AccountShare_Individual_Exceptions && echo. > c:\\data\\eTran\\PortalEnable_Exceptions","maxLogs":10,"verbose":false,"mappingId":"@kSl7SS1kquWeZeVK1yk6Gs","shortDescription":"","sessionProperties":{},"enableCrossSchemaPushdown":true,"autoTunedApplied":false,"paramFileType":"PARAM_FILE_LOCAL","parameterFileEncoding":"UTF-8","parameters":[{"@type":"mtTaskParameter","id":88898043,"name":"$SF_Connection$","type":"EXTENDED_SOURCE","label":"nCino (p_SFDC_Connection)","description":"The customer\\'s Sandbox or Production nCino Connection, SFDC_Production or SFDC_Sandbox","uiProperties":{"cnxtype":"Salesforce","connectionParameterized":"true","logcnx":"p_SFDC_Connection","isMsrcFilterParameterized":"false","isMsrcSortParameterized":"false","objectParameterized":"false","visible":"false"},"sourceConnectionId":"@f2j1mZNN7c2gcVVWRS86Kk","newFlatFile":false,"newObject":false,"showBusinessNames":true,"naturalOrder":true,"truncateTarget":false,"bulkApiDBTarget":false,"customFuncCfg":{"@type":"customFuncConfig","id":-1,"connections":[],"inputMap":[],"outputFields":[]},"tgtFieldRefs":{},"targetUpdateColumns":[],"extendedObject":{"@type":"extendedObject","object":{"@type":"mObject","name":"LLC_BI__Connection__c","label":"Connection","metadataUpdated":false,"relations":[],"children":[]},"filters":[],"sortFields":[]},"runtimeAttrs":{},"isRESTModernSource":true,"isFileList":false,"handleSpecialChars":false,"frsAsset":false,"dynamicFileName":false,"fetchMode":"ORIGINAL","tgtObjectAttributes":{},"runtimeParameterData":{"@type":"mtTaskRuntimeParameterData","isConnectionRuntimeParameter":false,"isObjectRuntimeParameter":false,"connectionParameterName":"p_SFDC_Connection"},"overriddenFields":[]},{"@type":"mtTaskParameter","id":88898044,"name":"$SF_Contact$","type":"EXTENDED_SOURCE","label":"nCino (p_SFDC_Connection)","description":"The customer\\'s Sandbox or Production nCino Connection, SFDC_Production or SFDC_Sandbox","uiProperties":{"cnxtype":"Salesforce","connectionParameterized":"true","logcnx":"p_SFDC_Connection","isMsrcFilterParameterized":"false","isMsrcSortParameterized":"false","objectParameterized":"false","visible":"false"},"sourceConnectionId":"@f2j1mZNN7c2gcVVWRS86Kk","newFlatFile":false,"newObject":false,"showBusinessNames":true,"naturalOrder":true,"truncateTarget":false,"bulkApiDBTarget":false,"customFuncCfg":{"@type":"customFuncConfig","id":-1,"connections":[],"inputMap":[],"outputFields":[]},"tgtFieldRefs":{},"targetUpdateColumns":[],"extendedObject":{"@type":"extendedObject","object":{"@type":"mObject","name":"Contact","label":"Contact","metadataUpdated":false,"relations":[],"children":[]},"filters":[],"sortFields":[]},"runtimeAttrs":{},"isRESTModernSource":true,"isFileList":false,"handleSpecialChars":false,"frsAsset":false,"dynamicFileName":false,"fetchMode":"ORIGINAL","tgtObjectAttributes":{},"runtimeParameterData":{"@type":"mtTaskRuntimeParameterData","isConnectionRuntimeParameter":false,"isObjectRuntimeParameter":false,"connectionParameterName":"p_SFDC_Connection"},"overriddenFields":[]},{"@type":"mtTaskParameter","id":88898045,"name":"$SF_Deposit$","type":"EXTENDED_SOURCE","label":"nCino (p_SFDC_Connection)","description":"The customer\\'s Sandbox or Production nCino Connection, SFDC_Production or SFDC_Sandbox","uiProperties":{"cnxtype":"Salesforce","connectionParameterized":"true","logcnx":"p_SFDC_Connection","isMsrcFilterParameterized":"false","isMsrcSortParameterized":"false","objectParameterized":"false","visible":"false"},"sourceConnectionId":"@f2j1mZNN7c2gcVVWRS86Kk","newFlatFile":false,"newObject":false,"showBusinessNames":true,"naturalOrder":true,"truncateTarget":false,"bulkApiDBTarget":false,"customFuncCfg":{"@type":"customFuncConfig","id":-1,"connections":[],"inputMap":[],"outputFields":[]},"tgtFieldRefs":{},"targetUpdateColumns":[],"extendedObject":{"@type":"extendedObject","object":{"@type":"mObject","name":"LLC_BI__Deposit__c","label":"Deposit","metadataUpdated":false,"relations":[],"children":[]},"filters":[],"sortFields":[]},"runtimeAttrs":{},"isRESTModernSource":true,"isFileList":false,"handleSpecialChars":false,"frsAsset":false,"dynamicFileName":false,"fetchMode":"ORIGINAL","tgtObjectAttributes":{},"runtimeParameterData":{"@type":"mtTaskRuntimeParameterData","isConnectionRuntimeParameter":false,"isObjectRuntimeParameter":false,"connectionParameterName":"p_SFDC_Connection"},"overriddenFields":[]},{"@type":"mtTaskParameter","id":88898046,"name":"$SF_Relationship$","type":"EXTENDED_SOURCE","label":"nCino (p_SFDC_Connection)","description":"The customer\\'s Sandbox or Production nCino Connection, SFDC_Production or SFDC_Sandbox","uiProperties":{"cnxtype":"Salesforce","connectionParameterized":"true","logcnx":"p_SFDC_Connection","isMsrcFilterParameterized":"false","isMsrcSortParameterized":"false","objectParameterized":"false","visible":"false"},"sourceConnectionId":"@f2j1mZNN7c2gcVVWRS86Kk","newFlatFile":false,"newObject":false,"showBusinessNames":true,"naturalOrder":true,"truncateTarget":false,"bulkApiDBTarget":false,"customFuncCfg":{"@type":"customFuncConfig","id":-1,"connections":[],"inputMap":[],"outputFields":[]},"tgtFieldRefs":{},"targetUpdateColumns":[],"extendedObject":{"@type":"extendedObject","object":{"@type":"mObject","name":"Account","label":"Account","metadataUpdated":false,"relations":[],"children":[]},"filters":[],"sortFields":[]},"runtimeAttrs":{},"isRESTModernSource":true,"isFileList":false,"handleSpecialChars":false,"frsAsset":false,"dynamicFileName":false,"fetchMode":"ORIGINAL","tgtObjectAttributes":{},"runtimeParameterData":{"@type":"mtTaskRuntimeParameterData","isConnectionRuntimeParameter":false,"isObjectRuntimeParameter":false,"connectionParameterName":"p_SFDC_Connection"},"overriddenFields":[]},{"@type":"mtTaskParameter","id":88898047,"name":"$FF_Connection$","type":"TARGET","label":"nCino Extract (p_FF_Connection)","description":"The customer\\'s Sandbox or Production nCino extract location on their server. FF_Production or FF_Sandbox","uiProperties":{"cnxtype":"Flat File","connectionParameterized":"true","logcnx":"p_FF_Connection","default":"PortalEnable_Connection","objectParameterized":"false","visible":"false","defaultTargetUpdateColumns":""},"targetConnectionId":"@87bwnVCnh6pbExr59SWHUN","targetObject":"PortalEnable_Connection","targetObjectLabel":"PortalEnable_Connection","newFlatFile":false,"newObject":false,"showBusinessNames":true,"naturalOrder":true,"truncateTarget":true,"bulkApiDBTarget":false,"operationType":"Insert","customFuncCfg":{"@type":"customFuncConfig","id":-1,"connections":[],"inputMap":[],"outputFields":[]},"tgtFieldRefs":{},"targetUpdateColumns":[],"extendedObject":{"@type":"extendedObject","filters":[],"sortFields":[]},"runtimeAttrs":{},"isRESTModernSource":true,"isFileList":false,"handleSpecialChars":false,"frsAsset":false,"dynamicFileName":false,"fetchMode":"ORIGINAL","tgtObjectAttributes":{},"runtimeParameterData":{"@type":"mtTaskRuntimeParameterData","isConnectionRuntimeParameter":false,"isObjectRuntimeParameter":false,"connectionParameterName":"p_FF_Connection"},"overriddenFields":[]},{"@type":"mtTaskParameter","id":88898048,"name":"$FF_Contact$","type":"TARGET","label":"nCino Extract (p_FF_Connection)","description":"The customer\\'s Sandbox or Production nCino extract location on their server. FF_Production or FF_Sandbox","uiProperties":{"cnxtype":"Flat File","connectionParameterized":"true","logcnx":"p_FF_Connection","default":"PortalEnable_Contact","objectParameterized":"false","visible":"false","defaultTargetUpdateColumns":""},"targetConnectionId":"@87bwnVCnh6pbExr59SWHUN","targetObject":"PortalEnable_Contact","targetObjectLabel":"PortalEnable_Contact","newFlatFile":false,"newObject":false,"showBusinessNames":true,"naturalOrder":true,"truncateTarget":false,"bulkApiDBTarget":false,"operationType":"Insert","customFuncCfg":{"@type":"customFuncConfig","id":-1,"connections":[],"inputMap":[],"outputFields":[]},"tgtFieldRefs":{},"targetUpdateColumns":[],"extendedObject":{"@type":"extendedObject","filters":[],"sortFields":[]},"runtimeAttrs":{},"isRESTModernSource":true,"isFileList":false,"handleSpecialChars":false,"frsAsset":false,"dynamicFileName":false,"fetchMode":"ORIGINAL","tgtObjectAttributes":{},"runtimeParameterData":{"@type":"mtTaskRuntimeParameterData","isConnectionRuntimeParameter":false,"isObjectRuntimeParameter":false,"connectionParameterName":"p_FF_Connection"},"overriddenFields":[]},{"@type":"mtTaskParameter","id":88898049,"name":"$FF_Deposit$","type":"TARGET","label":"nCino Extract (p_FF_Connection)","description":"The customer\\'s Sandbox or Production nCino extract location on their server. FF_Production or FF_Sandbox","uiProperties":{"cnxtype":"Flat File","connectionParameterized":"true","logcnx":"p_FF_Connection","default":"PortalEnable_Deposit","objectParameterized":"false","visible":"false","defaultTargetUpdateColumns":""},"targetConnectionId":"@87bwnVCnh6pbExr59SWHUN","targetObject":"PortalEnable_Deposit","targetObjectLabel":"PortalEnable_Deposit","newFlatFile":false,"newObject":false,"showBusinessNames":true,"naturalOrder":true,"truncateTarget":true,"bulkApiDBTarget":false,"operationType":"Insert","customFuncCfg":{"@type":"customFuncConfig","id":-1,"connections":[],"inputMap":[],"outputFields":[]},"tgtFieldRefs":{},"targetUpdateColumns":[],"extendedObject":{"@type":"extendedObject","filters":[],"sortFields":[]},"runtimeAttrs":{},"isRESTModernSource":true,"isFileList":false,"handleSpecialChars":false,"frsAsset":false,"dynamicFileName":false,"fetchMode":"ORIGINAL","tgtObjectAttributes":{},"runtimeParameterData":{"@type":"mtTaskRuntimeParameterData","isConnectionRuntimeParameter":false,"isObjectRuntimeParameter":false,"connectionParameterName":"p_FF_Connection"},"overriddenFields":[]},{"@type":"mtTaskParameter","id":88898050,"name":"$FF_Relationship$","type":"TARGET","label":"nCino Extract (p_FF_Connection)","description":"The customer\\'s Sandbox or Production nCino extract location on their server. FF_Production or FF_Sandbox","uiProperties":{"cnxtype":"Flat File","connectionParameterized":"true","logcnx":"p_FF_Connection","default":"PortalEnable_Relationship","objectParameterized":"false","visible":"false","defaultTargetUpdateColumns":""},"targetConnectionId":"@87bwnVCnh6pbExr59SWHUN","targetObject":"PortalEnable_Relationship","targetObjectLabel":"PortalEnable_Relationship","newFlatFile":false,"newObject":false,"showBusinessNames":true,"naturalOrder":true,"truncateTarget":false,"bulkApiDBTarget":false,"operationType":"Insert","tgtFFAttrs":{"@type":"flatFileAttrs","id":1691475,"delimiter":",","textQualifier":"\"","escapeChar":"","headerLineNo":1},"customFuncCfg":{"@type":"customFuncConfig","id":-1,"connections":[],"inputMap":[],"outputFields":[]},"tgtFieldRefs":{},"targetUpdateColumns":[],"extendedObject":{"@type":"extendedObject","filters":[],"sortFields":[]},"runtimeAttrs":{},"isRESTModernSource":true,"isFileList":false,"handleSpecialChars":false,"frsAsset":false,"dynamicFileName":false,"fetchMode":"ORIGINAL","tgtObjectAttributes":{},"runtimeParameterData":{"@type":"mtTaskRuntimeParameterData","isConnectionRuntimeParameter":false,"isObjectRuntimeParameter":false,"connectionParameterName":"p_FF_Connection"},"overriddenFields":[]},{"@type":"mtTaskParameter","id":88898051,"name":"$p_Deposit_Filter$","type":"STRING","text":"TRUE","label":"Deposit Filter (p_Deposit_Filter)","description":"Filter the Deposit replication task.","uiProperties":{"default":"LLC_BI__lookupKey__c!=''","paramtype":"Condition"},"newFlatFile":false,"newObject":false,"showBusinessNames":true,"naturalOrder":true,"truncateTarget":false,"bulkApiDBTarget":false,"customFuncCfg":{"@type":"customFuncConfig","id":-1,"connections":[],"inputMap":[],"outputFields":[]},"tgtFieldRefs":{},"targetUpdateColumns":[],"runtimeAttrs":{},"isRESTModernSource":true,"isFileList":false,"handleSpecialChars":false,"frsAsset":false,"dynamicFileName":false,"fetchMode":"ORIGINAL","tgtObjectAttributes":{},"runtimeParameterData":{"@type":"mtTaskRuntimeParameterData","isConnectionRuntimeParameter":false,"isObjectRuntimeParameter":false},"overriddenFields":[]},{"@type":"mtTaskParameter","id":88898052,"name":"$p_FLTR_Contact$","type":"STRING","text":"TRUE","label":"Contact (p_FLTR_Contact)","description":"Filter Contact records","uiProperties":{"default":"TRUE","paramtype":"Condition"},"newFlatFile":false,"newObject":false,"showBusinessNames":true,"naturalOrder":true,"truncateTarget":false,"bulkApiDBTarget":false,"customFuncCfg":{"@type":"customFuncConfig","id":-1,"connections":[],"inputMap":[],"outputFields":[]},"tgtFieldRefs":{},"targetUpdateColumns":[],"runtimeAttrs":{},"isRESTModernSource":true,"isFileList":false,"handleSpecialChars":false,"frsAsset":false,"dynamicFileName":false,"fetchMode":"ORIGINAL","tgtObjectAttributes":{},"runtimeParameterData":{"@type":"mtTaskRuntimeParameterData","isConnectionRuntimeParameter":false,"isObjectRuntimeParameter":false},"overriddenFields":[]},{"@type":"mtTaskParameter","id":88898053,"name":"$p_FLTR_Relationship$","type":"STRING","text":"TRUE","label":"Relationship Filter (p_FLTR_Relationship)","description":"Filters the Relationship replication task","uiProperties":{"default":"LLC_BI__lookupKey__c!=''","paramtype":"Condition"},"newFlatFile":false,"newObject":false,"showBusinessNames":true,"naturalOrder":true,"truncateTarget":false,"bulkApiDBTarget":false,"customFuncCfg":{"@type":"customFuncConfig","id":-1,"connections":[],"inputMap":[],"outputFields":[]},"tgtFieldRefs":{},"targetUpdateColumns":[],"runtimeAttrs":{},"isRESTModernSource":true,"isFileList":false,"handleSpecialChars":false,"frsAsset":false,"dynamicFileName":false,"fetchMode":"ORIGINAL","tgtObjectAttributes":{},"runtimeParameterData":{"@type":"mtTaskRuntimeParameterData","isConnectionRuntimeParameter":false,"isObjectRuntimeParameter":false},"overriddenFields":[]}],"sequences":[],"inOutParameters":[],"connRuntimeAttrs":[]}]